10802
preprocessing data --- 
(21, 10, 43)
expected shrinking area center =  (198.9, -212.0, 6)
old data = 
array([[[117.8000030518, 27515650.0000000000, 14752955.0000000000, 1.0000000000, 193.9274291992, -91.3969955444, -227.2799224854, 163.0761871338, 0.2910997868, 0.0000000000, -0.9566926956,
         209.0635070801, -91.3938903809, -196.3741455078, 16.7837333679, 0.2887600362, 0.0000000000, 0.9574015141, 34.4131927490, 0.4398335814, 0.0000902318, 0.8980793357, -0.7311505079,
         1376704679.0000000000, 0.0000863241, -0.6822162867, 0.0000262665, 100.0000076294, 0.0000000000, 1.0000000000, 0.6717878580, 0.7405862212, -0.0044186125, -0.0214596409, 0.0000000000,
         0.0000000000, 0.0000000000, 0.0000000000, 1.0000000000, 0.0000000000, 0.0000000000, 0.0000000000, 0.0000000000],
        [117.8000030518, 27503574.0000000000, 14752917.0000000000, 1.0000000000, 263.8662414551, -90.7268447876, -151.7521362305, 207.4852142334, -0.4615196586, 0.0000000000, -0.8871301413,
         206.2928771973, -91.3938903809, -191.8186950684, 33.8672828674, 0.5572710633, 0.0000000000, 0.8303306103, 70.1460342407, -0.8207643628, -0.0095093846, -0.5711877942, 0.8855168223,
         1376704679.0000000000, -0.0084360614, 0.4645104110, 0.0043887678, 100.0000076294, 0.0000000000, 1.0000000000, 0.0000000000, 0.0000000000, 0.0000000000, 0.0000000000, 0.0000000000,
         0.0000000000, 0.0000000000, 0.0000000000, 0.0000000000, 0.0000000000, 0.0000000000, 0.0000000000, 0.0000000000],
        [117.8000030518, 27440475.0000000000, 27515650.0000000000, 2.0000000000, 148.8589630127, -91.3969955444, -233.6635131836, 113.6765289307, 0.9158273339, 0.0000000000, -0.4015727043,
         193.9274291992, -91.3969955444, -227.2799224854, 163.0761871338, 0.2910997868, 0.0000000000, -0.9566926956, 45.5183143616, 0.9901171923, 0.0000000000, 0.1402422488, 0.8504589200,
         1656491584.0000000000, 0.0000000000, -0.5260417461, 0.0000000000, 100.0000076294, 0.0000000000, 0.0000000000, 0.0000000000, 0.0000000000, 0.0000000000, 0.0000000000, 0.0000000000,
         0.0000000000, 0.0000000000, 0.0000000000, 0.0000000000, 0.0000000000, 0.0000000000, 0.0000000000, 0.0000000000],
        [117.8000030518, 14752917.0000000000, 27515650.0000000000, 2.0000000000, 206.2928771973, -91.3938903809, -191.8186950684, 33.8672828674, 0.5572710633, 0.0000000000, 0.8303306103,
         193.9274291992, -91.3969955444, -227.2799224854, 163.0761871338, 0.2910997868, 0.0000000000, -0.9566926956, 37.5553321838, -0.3292594552, -0.0000826824, -0.9442394972, -0.9675177336,
         1376704679.0000000000, 0.0000686537, 0.2528031468, -0.0000460765, 38.3710021973, 1.0000000000, 0.0000000000, 0.4733489156, -0.8808749914, -0.7974044085, 0.2937289178, 1.0000000000,
         0.0000000000, 0.0000000000, 0.0000000000, 0.0000000000, 0.0000000000, 0.0000000000, 0.0000000000, 0.0000000000],
        [117.8000030518, 22741509.0000000000, 14752955.0000000000, 1.0000000000, 244.6867523193, -91.6054611206, -173.6792755127, 214.4560546875, -0.5657740831, 0.0000000000, -0.8245604038,
         209.0635070801, -91.3938903809, -196.3741455078, 16.7837333679, 0.2887600362, 0.0000000000, 0.9574015141, 42.2388153076, -0.8433769941, 0.0050089173, -0.5372989178, 0.9201962352,
         1242397926.0000000000, 0.0041301548, 0.3914254606, -0.0028339156, 118.1640090942, 1.0000000000, 1.0000000000, -0.8948810697, 0.4463045895, 0.9499382973, 0.2227868736, 1.0000000000,
         0.0000000000, 0.0000000000, 0.0000000000, 1.0000000000, 0.0000000000, 0.0000000000, 0.0000000000, 0.0000000000],
        [117.8000030518, 14752955.0000000000, 27515650.0000000000, 2.0000000000, 209.0635070801, -91.3938903809, -196.3741455078, 16.7837333679, 0.2887600362, 0.0000000000, 0.9574015141,
         193.9274291992, -91.3969955444, -227.2799224854, 163.0761871338, 0.2910997868, 0.0000000000, -0.9566926956, 34.4131927490, -0.4398335814, -0.0000902318, -0.8980793357, -0.9868288636,
         1242397926.0000000000, 0.0000863880, -0.1617679149, -0.0000260553, 42.8170013428, 1.0000000000, 0.0000000000, 0.9820398092, -0.1886738390, -0.5919568539, -0.6255556345, 1.0000000000,
         0.0000000000, 0.0000000000, 0.0000000000, 0.0000000000, 0.0000000000, 0.0000000000, 0.0000000000, 0.0000000000],
        [117.8000030518, 14586614.0000000000, 14752955.0000000000, 1.0000000000, 244.6867523193, -91.6054611206, -173.6792755127, 215.8088531494, -0.5850831270, 0.0000000000, -0.8109735250,
         209.0635070801, -91.3938903809, -196.3741455078, 16.7837333679, 0.2887600362, 0.0000000000, 0.9574015141, 42.2388153076, -0.8433769941, 0.0050089173, -0.5372989178, 0.9291808605,
         1242397926.0000000000, 0.0040620994, 0.3695918918, -0.0029306330, 37.7910003662, 1.0000000000, 1.0000000000, 0.9200479984, -0.3918056786, -0.0161991585, -1.2510601282, 1.0000000000,
         0.0000000000, 0.0000000000, 0.0000000000, 0.0000000000, 0.0000000000, 0.0000000000, 0.0000000000, 0.0000000000],
        [0.0000000000, 0.0000000000, 0.0000000000, 0.0000000000, 0.0000000000, 0.0000000000, 0.0000000000, 0.0000000000, 0.0000000000, 0.0000000000, 0.0000000000, 0.0000000000, 0.0000000000,
         0.0000000000, 0.0000000000, 0.0000000000, 0.0000000000, 0.0000000000, 0.0000000000, 0.0000000000, 0.0000000000, 0.0000000000, 0.0000000000, 0.0000000000, 0.0000000000, 0.0000000000,
         0.0000000000, 0.0000000000, 0.0000000000, 0.0000000000, 0.0000000000, 0.0000000000, 0.0000000000, 0.0000000000, 0.0000000000, 0.0000000000, 0.0000000000, 0.0000000000, 0.0000000000,
         0.0000000000, 0.0000000000, 0.0000000000, 0.0000000000],
        [0.0000000000, 0.0000000000, 0.0000000000, 0.0000000000, 0.0000000000, 0.0000000000, 0.0000000000, 0.0000000000, 0.0000000000, 0.0000000000, 0.0000000000, 0.0000000000, 0.0000000000,
         0.0000000000, 0.0000000000, 0.0000000000, 0.0000000000, 0.0000000000, 0.0000000000, 0.0000000000, 0.0000000000, 0.0000000000, 0.0000000000, 0.0000000000, 0.0000000000, 0.0000000000,
         0.0000000000, 0.0000000000, 0.0000000000, 0.0000000000, 0.0000000000, 0.0000000000, 0.0000000000, 0.0000000000, 0.0000000000, 0.0000000000, 0.0000000000, 0.0000000000, 0.0000000000,
         0.0000000000, 0.0000000000, 0.0000000000, 0.0000000000],
        [0.0000000000, 0.0000000000, 0.0000000000, 0.0000000000, 0.0000000000, 0.0000000000, 0.0000000000, 0.0000000000, 0.0000000000, 0.0000000000, 0.0000000000, 0.0000000000, 0.0000000000,
         0.0000000000, 0.0000000000, 0.0000000000, 0.0000000000, 0.0000000000, 0.0000000000, 0.0000000000, 0.0000000000, 0.0000000000, 0.0000000000, 0.0000000000, 0.0000000000, 0.0000000000,
         0.0000000000, 0.0000000000, 0.0000000000, 0.0000000000, 0.0000000000, 0.0000000000, 0.0000000000, 0.0000000000, 0.0000000000, 0.0000000000, 0.0000000000, 0.0000000000, 0.0000000000,
         0.0000000000, 0.0000000000, 0.0000000000, 0.0000000000]],

       [[117.8499984741, 27515650.0000000000, 14752955.0000000000, 1.0000000000, 193.7719421387, -91.3969955444, -227.6333923340, 163.0547332764, 0.2914581299, 0.0000000000, -0.9565837383,
         209.2696533203, -91.3938903809, -196.3741455078, 16.2572193146, 0.2799499929, 0.0000000000, 0.9600145817, 34.8901062012, 0.4441864192, 0.0000889984, 0.8959344029, -0.7275745273,
         1376704679.0000000000, 0.0000851344, -0.6860288978, 0.0000259393, 100.0000076294, 0.0000000000, 1.0000000000, 0.7039189935, 0.7101843357, -0.1869032085, -1.3437433243, 0.0000000000,
         0.0000000000, 0.0000000000, 0.0000000000, 1.0000000000, 0.0000000000, 0.0000000000, 0.0000000000, 0.0000000000],
        [117.8499984741, 27503574.0000000000, 14752917.0000000000, 1.0000000000, 263.8662414551, -90.7268447876, -151.7521362305, 207.4852142334, -0.4615196586, 0.0000000000, -0.8871301413,
         206.3357238770, -91.3938903809, -191.9882202148, 34.1414527893, 0.5612379313, 0.0000000000, 0.8276544809, 70.2078933716, -0.8194308877, -0.0095010055, -0.5730991364, 0.8865969777,
         1376704679.0000000000, -0.0084286286, 0.4624453187, 0.0043849009, 100.0000076294, 0.0000000000, 1.0000000000, 0.0000000000, 0.0000000000, 0.0000000000, 0.0000000000, 0.0000000000,
         0.0000000000, 0.0000000000, 0.0000000000, 0.0000000000, 0.0000000000, 0.0000000000, 0.0000000000, 0.0000000000],
        [117.8499984741, 27440475.0000000000, 27515650.0000000000, 2.0000000000, 148.9116973877, -91.3969955444, -233.6784057617, 113.6765289307, 0.9158273339, 0.0000000000, -0.4015727043,
         193.7719421387, -91.3969955444, -227.6333923340, 163.0547332764, 0.2914581299, 0.0000000000, -0.9565837383, 45.2657012939, 0.9910427332, 0.0000000000, 0.1335451156, 0.8539959788,
         1656491584.0000000000, 0.0000000000, -0.5202800035, 0.0000000000, 100.0000076294, 0.0000000000, 0.0000000000, 0.0000000000, 0.0000000000, 0.0000000000, 0.0000000000, 0.0000000000,
         0.0000000000, 0.0000000000, 0.0000000000, 0.0000000000, 0.0000000000, 0.0000000000, 0.0000000000, 0.0000000000],
        [117.8499984741, 14752917.0000000000, 27515650.0000000000, 2.0000000000, 206.3357238770, -91.3938903809, -191.9882202148, 34.1414527893, 0.5612379313, 0.0000000000, 0.8276544809,
         193.7719421387, -91.3969955444, -227.6333923340, 163.0547332764, 0.2914581299, 0.0000000000, -0.9565837383, 37.7945365906, -0.3324232101, -0.0000821591, -0.9431303144, -0.9671545625,
         1376704679.0000000000, 0.0000679993, 0.2541889548, -0.0000461108, 38.3710021973, 1.0000000000, 0.0000000000, 0.6727800369, -0.7398424745, -0.2122311294, 0.2741712332, 0.0000000000,
         0.0000000000, 0.0000000000, 0.0000000000, 0.0000000000, 0.0000000000, 0.0000000000, 0.0000000000, 0.0000000000],
        [117.8499984741, 22741509.0000000000, 14752955.0000000000, 1.0000000000, 244.6867523193, -91.6054611206, -173.6792755127, 214.7538604736, -0.5700520277, 0.0000000000, -0.8216085434,
         209.2696533203, -91.3938903809, -196.3741455078, 16.2572193146, 0.2799499929, 0.0000000000, 0.9600145817, 42.0651016235, -0.8419591784, 0.0050296024, -0.5395177603, 0.9232329130,
         1242397926.0000000000, 0.0041323644, 0.3842076659, -0.0028671350, 118.1640090942, 1.0000000000, 1.0000000000, -0.8657563329, 0.5004658103, 0.3475866020, 0.1938171685, 1.0000000000,
         0.0000000000, 0.0000000000, 0.0000000000, 1.0000000000, 0.0000000000, 0.0000000000, 0.0000000000, 0.0000000000],
        [117.8499984741, 14752955.0000000000, 27515650.0000000000, 2.0000000000, 209.2696533203, -91.3938903809, -196.3741455078, 16.2572193146, 0.2799499929, 0.0000000000, 0.9600145817,
         193.7719421387, -91.3969955444, -227.6333923340, 163.0547332764, 0.2914581299, 0.0000000000, -0.9565837383, 34.8901062012, -0.4441864192, -0.0000889984, -0.8959344029, -0.9844600558,
         1242397926.0000000000, 0.0000854398, -0.1756086051, -0.0000249151, 42.8170013428, 1.0000000000, 0.0000000000, 0.9828818440, -0.1842369586, -0.1861933917, -0.5265153050, 1.0000000000,
         0.0000000000, 0.0000000000, 0.0000000000, 0.0000000000, 0.0000000000, 0.0000000000, 0.0000000000, 0.0000000000],
        [117.8499984741, 14586614.0000000000, 14752955.0000000000, 1.0000000000, 244.6867523193, -91.6054611206, -173.6792755127, 214.6106872559, -0.5679974556, 0.0000000000, -0.8230304718,
         209.2696533203, -91.3938903809, -196.3741455078, 16.2572193146, 0.2799499929, 0.0000000000, 0.9600145817, 42.0651016235, -0.8419591784, 0.0050296024, -0.5395177603, 0.9222702384,
         1242397926.0000000000, 0.0041395160, 0.3865133524, -0.0028568015, 37.7910003662, 1.0000000000, 1.0000000000, 0.9105095267, -0.4134881198, -0.0097733811, -1.1981726885, 1.0000000000,
         0.0000000000, 0.0000000000, 0.0000000000, 0.0000000000, 0.0000000000, 0.0000000000, 0.0000000000, 0.0000000000],
        [0.0000000000, 0.0000000000, 0.0000000000, 0.0000000000, 0.0000000000, 0.0000000000, 0.0000000000, 0.0000000000, 0.0000000000, 0.0000000000, 0.0000000000, 0.0000000000, 0.0000000000,
         0.0000000000, 0.0000000000, 0.0000000000, 0.0000000000, 0.0000000000, 0.0000000000, 0.0000000000, 0.0000000000, 0.0000000000, 0.0000000000, 0.0000000000, 0.0000000000, 0.0000000000,
         0.0000000000, 0.0000000000, 0.0000000000, 0.0000000000, 0.0000000000, 0.0000000000, 0.0000000000, 0.0000000000, 0.0000000000, 0.0000000000, 0.0000000000, 0.0000000000, 0.0000000000,
         0.0000000000, 0.0000000000, 0.0000000000, 0.0000000000],
        [0.0000000000, 0.0000000000, 0.0000000000, 0.0000000000, 0.0000000000, 0.0000000000, 0.0000000000, 0.0000000000, 0.0000000000, 0.0000000000, 0.0000000000, 0.0000000000, 0.0000000000,
         0.0000000000, 0.0000000000, 0.0000000000, 0.0000000000, 0.0000000000, 0.0000000000, 0.0000000000, 0.0000000000, 0.0000000000, 0.0000000000, 0.0000000000, 0.0000000000, 0.0000000000,
         0.0000000000, 0.0000000000, 0.0000000000, 0.0000000000, 0.0000000000, 0.0000000000, 0.0000000000, 0.0000000000, 0.0000000000, 0.0000000000, 0.0000000000, 0.0000000000, 0.0000000000,
         0.0000000000, 0.0000000000, 0.0000000000, 0.0000000000],
        [0.0000000000, 0.0000000000, 0.0000000000, 0.0000000000, 0.0000000000, 0.0000000000, 0.0000000000, 0.0000000000, 0.0000000000, 0.0000000000, 0.0000000000, 0.0000000000, 0.0000000000,
         0.0000000000, 0.0000000000, 0.0000000000, 0.0000000000, 0.0000000000, 0.0000000000, 0.0000000000, 0.0000000000, 0.0000000000, 0.0000000000, 0.0000000000, 0.0000000000, 0.0000000000,
         0.0000000000, 0.0000000000, 0.0000000000, 0.0000000000, 0.0000000000, 0.0000000000, 0.0000000000, 0.0000000000, 0.0000000000, 0.0000000000, 0.0000000000, 0.0000000000, 0.0000000000,
         0.0000000000, 0.0000000000, 0.0000000000, 0.0000000000]],

       [[117.9000015259, 27515650.0000000000, 14752955.0000000000, 1.0000000000, 193.5929260254, -91.3969955444, -227.9755554199, 161.7109832764, 0.3138104379, 0.0000000000, -0.9494857788,
         209.5732727051, -91.3938903809, -196.6282653809, 15.7307014465, 0.2711162865, 0.0000000000, 0.9625465870, 35.1855659485, 0.4541733563, 0.0000882511, 0.8909133673, -0.7033852339,
         1376704679.0000000000, 0.0000837931, -0.7108090520, 0.0000276941, 100.0000076294, 0.0000000000, 1.0000000000, 0.7301346660, 0.6832886934, -0.3667157590, -8.5171089172, 0.0000000000,
         0.0000000000, 0.0000000000, 0.0000000000, 1.0000000000, 0.0000000000, 0.0000000000, 0.0000000000, 0.0000000000],
        [117.9000015259, 27503574.0000000000, 14752917.0000000000, 1.0000000000, 263.8662414551, -90.7268447876, -151.7521362305, 207.4852142334, -0.4615196586, 0.0000000000, -0.8871301413,
         206.3514709473, -91.3938903809, -192.1623535156, 34.4156265259, 0.5651919842, 0.0000000000, 0.8249593973, 70.2949447632, -0.8181921244, -0.0094892401, -0.5748665929, 0.8875932097,
         1376704679.0000000000, -0.0084181912, 0.4605306685, 0.0043794708, 100.0000076294, 0.0000000000, 1.0000000000, 0.0000000000, 0.0000000000, 0.0000000000, 0.0000000000, 0.0000000000,
         0.0000000000, 0.0000000000, 0.0000000000, 0.0000000000, 0.0000000000, 0.0000000000, 0.0000000000, 0.0000000000],
        [117.9000015259, 27440475.0000000000, 27515650.0000000000, 2.0000000000, 148.8721466064, -91.3969955444, -233.6672363281, 113.6765289307, 0.9158273339, 0.0000000000, -0.4015727043,
         193.5929260254, -91.3969955444, -227.9755554199, 161.7109832764, 0.3138104379, 0.0000000000, -0.9494857788, 45.0815200806, 0.9919980168, 0.0000000000, 0.1262530833, 0.8577991128,
         1656491584.0000000000, 0.0000000000, -0.5139853358, 0.0000000000, 100.0000076294, 0.0000000000, 0.0000000000, 0.0000000000, 0.0000000000, 0.0000000000, 0.0000000000, 0.0000000000,
         0.0000000000, 0.0000000000, 0.0000000000, 0.0000000000, 0.0000000000, 0.0000000000, 0.0000000000, 0.0000000000],
        [117.9000015259, 14752917.0000000000, 27515650.0000000000, 2.0000000000, 206.3514709473, -91.3938903809, -192.1623535156, 34.4156265259, 0.5651919842, 0.0000000000, 0.8249593973,
         193.5929260254, -91.3969955444, -227.9755554199, 161.7109832764, 0.3138104379, 0.0000000000, -0.9494857788, 38.0179672241, -0.3355925083, -0.0000816762, -0.9420073032, -0.9667919874,
         1376704679.0000000000, 0.0000673796, 0.2555647790, -0.0000461627, 38.3710021973, 1.0000000000, 0.0000000000, 0.6727800369, -0.7398424745, -0.2122311294, 0.2741712332, 0.0000000000,
         0.0000000000, 0.0000000000, 0.0000000000, 0.0000000000, 0.0000000000, 0.0000000000, 0.0000000000, 0.0000000000],
        [117.9000015259, 22741509.0000000000, 14752955.0000000000, 1.0000000000, 244.6867523193, -91.6054611206, -173.6792755127, 215.0516815186, -0.5743151307, 0.0000000000, -0.8186345100,
         209.5732727051, -91.3938903809, -196.6282653809, 15.7307014465, 0.2711162865, 0.0000000000, 0.9625465870, 41.9482688904, -0.8370662332, 0.0050436109, -0.5470783710, 0.9285970330,
         1242397926.0000000000, 0.0041288738, 0.3710559309, -0.0028966221, 118.1640090942, 1.0000000000, 1.0000000000, -0.8657563329, 0.5004658103, 0.3475866020, 0.1938171685, 1.0000000000,
         0.0000000000, 0.0000000000, 0.0000000000, 1.0000000000, 0.0000000000, 0.0000000000, 0.0000000000, 0.0000000000],
        [117.9000015259, 14752955.0000000000, 27515650.0000000000, 2.0000000000, 209.5732727051, -91.3938903809, -196.6282653809, 15.7307014465, 0.2711162865, 0.0000000000, 0.9625465870,
         193.5929260254, -91.3969955444, -227.9755554199, 161.7109832764, 0.3138104379, 0.0000000000, -0.9494857788, 35.1855659485, -0.4541733563, -0.0000882511, -0.8909133673, -0.9806793928,
         1242397926.0000000000, 0.0000849458, -0.1956218928, -0.0000239263, 42.8170013428, 1.0000000000, 0.0000000000, 0.9828818440, -0.1842369586, -0.1861933917, -0.5265153050, 1.0000000000,
         0.0000000000, 0.0000000000, 0.0000000000, 0.0000000000, 0.0000000000, 0.0000000000, 0.0000000000, 0.0000000000],
        [117.9000015259, 14586614.0000000000, 14752955.0000000000, 1.0000000000, 244.6867523193, -91.6054611206, -173.6792755127, 213.4125213623, -0.5506632924, 0.0000000000, -0.8347275257,
         209.5732727051, -91.3938903809, -196.6282653809, 15.7307014465, 0.2711162865, 0.0000000000, 0.9625465870, 41.9482688904, -0.8370662332, 0.0050436109, -0.5470783710, 0.9176030159,
         1242397926.0000000000, 0.0042100409, 0.3974662423, -0.0027773315, 37.7910003662, 1.0000000000, 1.0000000000, 0.9105095267, -0.4134881198, -0.0097733811, -1.1981726885, 1.0000000000,
         0.0000000000, 0.0000000000, 0.0000000000, 0.0000000000, 0.0000000000, 0.0000000000, 0.0000000000, 0.0000000000],
        [0.0000000000, 0.0000000000, 0.0000000000, 0.0000000000, 0.0000000000, 0.0000000000, 0.0000000000, 0.0000000000, 0.0000000000, 0.0000000000, 0.0000000000, 0.0000000000, 0.0000000000,
         0.0000000000, 0.0000000000, 0.0000000000, 0.0000000000, 0.0000000000, 0.0000000000, 0.0000000000, 0.0000000000, 0.0000000000, 0.0000000000, 0.0000000000, 0.0000000000, 0.0000000000,
         0.0000000000, 0.0000000000, 0.0000000000, 0.0000000000, 0.0000000000, 0.0000000000, 0.0000000000, 0.0000000000, 0.0000000000, 0.0000000000, 0.0000000000, 0.0000000000, 0.0000000000,
         0.0000000000, 0.0000000000, 0.0000000000, 0.0000000000],
        [0.0000000000, 0.0000000000, 0.0000000000, 0.0000000000, 0.0000000000, 0.0000000000, 0.0000000000, 0.0000000000, 0.0000000000, 0.0000000000, 0.0000000000, 0.0000000000, 0.0000000000,
         0.0000000000, 0.0000000000, 0.0000000000, 0.0000000000, 0.0000000000, 0.0000000000, 0.0000000000, 0.0000000000, 0.0000000000, 0.0000000000, 0.0000000000, 0.0000000000, 0.0000000000,
         0.0000000000, 0.0000000000, 0.0000000000, 0.0000000000, 0.0000000000, 0.0000000000, 0.0000000000, 0.0000000000, 0.0000000000, 0.0000000000, 0.0000000000, 0.0000000000, 0.0000000000,
         0.0000000000, 0.0000000000, 0.0000000000, 0.0000000000],
        [0.0000000000, 0.0000000000, 0.0000000000, 0.0000000000, 0.0000000000, 0.0000000000, 0.0000000000, 0.0000000000, 0.0000000000, 0.0000000000, 0.0000000000, 0.0000000000, 0.0000000000,
         0.0000000000, 0.0000000000, 0.0000000000, 0.0000000000, 0.0000000000, 0.0000000000, 0.0000000000, 0.0000000000, 0.0000000000, 0.0000000000, 0.0000000000, 0.0000000000, 0.0000000000,
         0.0000000000, 0.0000000000, 0.0000000000, 0.0000000000, 0.0000000000, 0.0000000000, 0.0000000000, 0.0000000000, 0.0000000000, 0.0000000000, 0.0000000000, 0.0000000000, 0.0000000000,
         0.0000000000, 0.0000000000, 0.0000000000, 0.0000000000]],

       [[117.9499969482, 27515650.0000000000, 14752955.0000000000, 1.0000000000, 193.4807434082, -91.3969955444, -228.3450622559, 153.1938781738, 0.4509729147, 0.0000000000, -0.8925375938,
         209.7180480957, -91.3938903809, -196.7730407715, 15.2041893005, 0.2622597218, 0.0000000000, 0.9649973512, 35.5027122498, 0.4573539197, 0.0000874627, 0.8892847896, -0.5874658823,
         1376704679.0000000000, 0.0000780638, -0.8092489243, 0.0000394433, 100.0000076294, 0.0000000000, 1.0000000000, 0.7430530787, 0.6692166328, -0.1557409316, -9.0750179291, 0.0000000000,
         0.0000000000, 0.0000000000, 0.0000000000, 1.0000000000, 0.0000000000, 0.0000000000, 0.0000000000, 0.0000000000],
        [117.9499969482, 27503574.0000000000, 14752917.0000000000, 1.0000000000, 263.8662414551, -90.7268447876, -151.7521362305, 207.4852142334, -0.4615196586, 0.0000000000, -0.8871301413,
         206.3777160645, -91.3938903809, -192.3352050781, 34.6897888184, 0.5691330433, 0.0000000000, 0.8222454786, 70.3730163574, -0.8169114590, -0.0094787125, -0.5766850710, 0.8886154294,
         1376704679.0000000000, -0.0084088519, 0.4585552812, 0.0043746121, 100.0000076294, 0.0000000000, 1.0000000000, 0.0000000000, 0.0000000000, 0.0000000000, 0.0000000000, 0.0000000000,
         0.0000000000, 0.0000000000, 0.0000000000, 0.0000000000, 0.0000000000, 0.0000000000, 0.0000000000, 0.0000000000],
        [117.9499969482, 27440475.0000000000, 27515650.0000000000, 2.0000000000, 148.9018096924, -91.3969955444, -233.6756134033, 113.6765289307, 0.9158273339, 0.0000000000, -0.4015727043,
         193.4807434082, -91.3969955444, -228.3450622559, 153.1938781738, 0.4509729147, 0.0000000000, -0.8925375938, 44.8965034485, 0.9929265976, 0.0000000000, 0.1187297627, 0.8616706729,
         1656491584.0000000000, 0.0000000000, -0.5074681640, 0.0000000000, 100.0000076294, 0.0000000000, 0.0000000000, 0.0000000000, 0.0000000000, 0.0000000000, 0.0000000000, 0.0000000000,
         0.0000000000, 0.0000000000, 0.0000000000, 0.0000000000, 0.0000000000, 0.0000000000, 0.0000000000, 0.0000000000],
        [117.9499969482, 14752917.0000000000, 27515650.0000000000, 2.0000000000, 206.3777160645, -91.3938903809, -192.3352050781, 34.6897888184, 0.5691330433, 0.0000000000, 0.8222454786,
         193.4807434082, -91.3969955444, -228.3450622559, 153.1938781738, 0.4509729147, 0.0000000000, -0.8925375938, 38.2497291565, -0.3371781409, -0.0000811813, -0.9414408207, -0.9659946561,
         1376704679.0000000000, 0.0000667510, 0.2585618794, -0.0000462030, 38.3710021973, 1.0000000000, 0.0000000000, 0.6727800369, -0.7398424745, -0.2122311294, 0.2741712332, 0.0000000000,
         0.0000000000, 0.0000000000, 0.0000000000, 0.0000000000, 0.0000000000, 0.0000000000, 0.0000000000, 0.0000000000],
        [117.9499969482, 22741509.0000000000, 14752955.0000000000, 1.0000000000, 244.6867523193, -91.6054611206, -173.6792755127, 215.2454986572, -0.5770811439, 0.0000000000, -0.8166868687,
         209.7180480957, -91.3938903809, -196.7730407715, 15.2041893005, 0.2622597218, 0.0000000000, 0.9649973512, 41.9067649841, -0.8344405293, 0.0050486061, -0.5510748625, 0.9315955043,
         1242397926.0000000000, 0.0041231303, 0.3634617031, -0.0029134555, 118.1640090942, 1.0000000000, 1.0000000000, -0.8657563329, 0.5004658103, 0.3475866020, 0.1938171685, 1.0000000000,
         0.0000000000, 0.0000000000, 0.0000000000, 1.0000000000, 0.0000000000, 0.0000000000, 0.0000000000, 0.0000000000],
        [117.9499969482, 14752955.0000000000, 27515650.0000000000, 2.0000000000, 209.7180480957, -91.3938903809, -196.7730407715, 15.2041893005, 0.2622597218, 0.0000000000, 0.9649973512,
         193.4807434082, -91.3969955444, -228.3450622559, 153.1938781738, 0.4509729147, 0.0000000000, -0.8925375938, 35.5027122498, -0.4573539197, -0.0000874627, -0.8892847896, -0.9781029820,
         1242397926.0000000000, 0.0000844013, -0.2081217468, -0.0000229379, 42.8170013428, 1.0000000000, 0.0000000000, 0.9828818440, -0.1842369586, -0.1861933917, -0.5265153050, 1.0000000000,
         0.0000000000, 0.0000000000, 0.0000000000, 0.0000000000, 0.0000000000, 0.0000000000, 0.0000000000, 0.0000000000],
        [117.9499969482, 14586614.0000000000, 14752955.0000000000, 1.0000000000, 244.6867523193, -91.6054611206, -173.6792755127, 212.2143554688, -0.5330882072, 0.0000000000, -0.8460597992,
         209.7180480957, -91.3938903809, -196.7730407715, 15.2041893005, 0.2622597218, 0.0000000000, 0.9649973512, 41.9067649841, -0.8344405293, 0.0050486061, -0.5510748625, 0.9110726714,
         1242397926.0000000000, 0.0042714225, 0.4122150838, -0.0026913523, 37.7910003662, 1.0000000000, 1.0000000000, 0.9105095267, -0.4134881198, -0.0097733811, -1.1981726885, 1.0000000000,
         0.0000000000, 0.0000000000, 0.0000000000, 0.0000000000, 0.0000000000, 0.0000000000, 0.0000000000, 0.0000000000],
        [0.0000000000, 0.0000000000, 0.0000000000, 0.0000000000, 0.0000000000, 0.0000000000, 0.0000000000, 0.0000000000, 0.0000000000, 0.0000000000, 0.0000000000, 0.0000000000, 0.0000000000,
         0.0000000000, 0.0000000000, 0.0000000000, 0.0000000000, 0.0000000000, 0.0000000000, 0.0000000000, 0.0000000000, 0.0000000000, 0.0000000000, 0.0000000000, 0.0000000000, 0.0000000000,
         0.0000000000, 0.0000000000, 0.0000000000, 0.0000000000, 0.0000000000, 0.0000000000, 0.0000000000, 0.0000000000, 0.0000000000, 0.0000000000, 0.0000000000, 0.0000000000, 0.0000000000,
         0.0000000000, 0.0000000000, 0.0000000000, 0.0000000000],
        [0.0000000000, 0.0000000000, 0.0000000000, 0.0000000000, 0.0000000000, 0.0000000000, 0.0000000000, 0.0000000000, 0.0000000000, 0.0000000000, 0.0000000000, 0.0000000000, 0.0000000000,
         0.0000000000, 0.0000000000, 0.0000000000, 0.0000000000, 0.0000000000, 0.0000000000, 0.0000000000, 0.0000000000, 0.0000000000, 0.0000000000, 0.0000000000, 0.0000000000, 0.0000000000,
         0.0000000000, 0.0000000000, 0.0000000000, 0.0000000000, 0.0000000000, 0.0000000000, 0.0000000000, 0.0000000000, 0.0000000000, 0.0000000000, 0.0000000000, 0.0000000000, 0.0000000000,
         0.0000000000, 0.0000000000, 0.0000000000, 0.0000000000],
        [0.0000000000, 0.0000000000, 0.0000000000, 0.0000000000, 0.0000000000, 0.0000000000, 0.0000000000, 0.0000000000, 0.0000000000, 0.0000000000, 0.0000000000, 0.0000000000, 0.0000000000,
         0.0000000000, 0.0000000000, 0.0000000000, 0.0000000000, 0.0000000000, 0.0000000000, 0.0000000000, 0.0000000000, 0.0000000000, 0.0000000000, 0.0000000000, 0.0000000000, 0.0000000000,
         0.0000000000, 0.0000000000, 0.0000000000, 0.0000000000, 0.0000000000, 0.0000000000, 0.0000000000, 0.0000000000, 0.0000000000, 0.0000000000, 0.0000000000, 0.0000000000, 0.0000000000,
         0.0000000000, 0.0000000000, 0.0000000000, 0.0000000000]],

       [[118.0000000000, 27515650.0000000000, 14752955.0000000000, 1.0000000000, 193.4132232666, -91.3969955444, -228.7252807617, 144.1188659668, 0.5861056447, 0.0000000000, -0.8102346659,
         209.8529357910, -91.3905029297, -196.9274597168, 14.6465196609, 0.2528549731, 0.0000000000, 0.9675042033, 35.7961692810, 0.4592590034, 0.0001813774, 0.8883023262, -0.4505590498,
         1376704679.0000000000, 0.0001469582, -0.8927465677, 0.0001063063, 100.0000076294, 0.0000000000, 1.0000000000, 0.7990940809, 0.5991370678, 0.3732895255, -5.2219915390, 0.0000000000,
         0.0000000000, 0.0000000000, 0.0000000000, 1.0000000000, 0.0000000000, 0.0000000000, 0.0000000000, 0.0000000000],
        [118.0000000000, 27503574.0000000000, 14752917.0000000000, 1.0000000000, 263.8662414551, -90.7268447876, -151.7521362305, 207.4852142334, -0.4615196586, 0.0000000000, -0.8871301413,
         206.4457092285, -91.3938903809, -192.5052490234, 34.9030799866, 0.5721899867, 0.0000000000, 0.8201211095, 70.4157562256, -0.8154500723, -0.0094729597, -0.5787498951, 0.8897727132,
         1376704679.0000000000, -0.0084037483, 0.4563058913, 0.0043719569, 100.0000076294, 0.0000000000, 1.0000000000, 0.0000000000, 0.0000000000, 0.0000000000, 0.0000000000, 0.0000000000,
         0.0000000000, 0.0000000000, 0.0000000000, 0.0000000000, 0.0000000000, 0.0000000000, 0.0000000000, 0.0000000000],
        [118.0000000000, 27440475.0000000000, 27515650.0000000000, 2.0000000000, 148.8795623779, -91.3969955444, -233.6693267822, 113.6765289307, 0.9158273339, 0.0000000000, -0.4015727043,
         193.4132232666, -91.3969955444, -228.7252807617, 144.1188659668, 0.5861056447, 0.0000000000, -0.8102346659, 44.8072586060, 0.9938939214, 0.0000000000, 0.1103402898, 0.8659255505,
         1656491584.0000000000, 0.0000000000, -0.5001733303, 0.0000000000, 100.0000076294, 0.0000000000, 0.0000000000, 0.0000000000, 0.0000000000, 0.0000000000, 0.0000000000, 0.0000000000,
         0.0000000000, 0.0000000000, 0.0000000000, 0.0000000000, 0.0000000000, 0.0000000000, 0.0000000000, 0.0000000000],
        [118.0000000000, 14752917.0000000000, 27515650.0000000000, 2.0000000000, 206.4457092285, -91.3938903809, -192.5052490234, 34.9030799866, 0.5721899867, 0.0000000000, 0.8201211095,
         193.4132232666, -91.3969955444, -228.7252807617, 144.1188659668, 0.5861056447, 0.0000000000, -0.8102346659, 38.4933280945, -0.3385648131, -0.0000806676, -0.9409431219, -0.9654107094,
         1376704679.0000000000, 0.0000661572, 0.2607340813, -0.0000461572, 38.3710021973, 1.0000000000, 0.0000000000, 0.7982396483, -0.6023399234, 0.6768864393, 0.2132858932, 1.0000000000,
         0.0000000000, 0.0000000000, 0.0000000000, 0.0000000000, 0.0000000000, 0.0000000000, 0.0000000000, 0.0000000000],
        [118.0000000000, 22741509.0000000000, 14752955.0000000000, 1.0000000000, 244.6867523193, -91.6054611206, -173.6792755127, 215.3792724609, -0.5789861679, 0.0000000000, -0.8153373003,
         209.8529357910, -91.3905029297, -196.9274597168, 14.6465196609, 0.2528549731, 0.0000000000, 0.9675042033, 41.8798179626, -0.8317566514, 0.0051327394, -0.5551166534, 0.9341828823,
         1242397926.0000000000, 0.0041849138, 0.3567573726, -0.0029717851, 118.1640090942, 1.0000000000, 1.0000000000, -0.8353174925, 0.5497678518, -0.5228812099, 0.1337745488, 1.0000000000,
         0.0000000000, 0.0000000000, 0.0000000000, 1.0000000000, 0.0000000000, 0.0000000000, 0.0000000000, 0.0000000000],
        [118.0000000000, 14752955.0000000000, 27515650.0000000000, 2.0000000000, 209.8529357910, -91.3905029297, -196.9274597168, 14.6465196609, 0.2528549731, 0.0000000000, 0.9675042033,
         193.4132232666, -91.3969955444, -228.7252807617, 144.1188659668, 0.5861056447, 0.0000000000, -0.8102346659, 35.7961692810, -0.4592590034, -0.0001813774, -0.8883023262, -0.9755621552,
         1242397926.0000000000, 0.0001754834, -0.2197233588, -0.0000458622, 42.8170013428, 1.0000000000, 0.0000000000, 0.9794961214, -0.2014629543, 0.4856771529, -0.5576678514, 1.0000000000,
         0.0000000000, 0.0000000000, 0.0000000000, 0.0000000000, 0.0000000000, 0.0000000000, 0.0000000000, 0.0000000000],
        [118.0000000000, 14586614.0000000000, 14752955.0000000000, 1.0000000000, 244.6867523193, -91.6054611206, -173.6792755127, 211.0247039795, -0.5154076815, 0.0000000000, -0.8569450378,
         209.8529357910, -91.3905029297, -196.9274597168, 14.6465196609, 0.2528549731, 0.0000000000, 0.9675042033, 41.8798179626, -0.8317566514, 0.0051327394, -0.5551166534, 0.9043982029,
         1242397926.0000000000, 0.0043984754, 0.4266583622, -0.0026454534, 37.7910003662, 1.0000000000, 1.0000000000, 0.8978628516, -0.4402752221, -0.0067705116, -1.1896560192, 1.0000000000,
         0.0000000000, 0.0000000000, 0.0000000000, 0.0000000000, 0.0000000000, 0.0000000000, 0.0000000000, 0.0000000000],
        [0.0000000000, 0.0000000000, 0.0000000000, 0.0000000000, 0.0000000000, 0.0000000000, 0.0000000000, 0.0000000000, 0.0000000000, 0.0000000000, 0.0000000000, 0.0000000000, 0.0000000000,
         0.0000000000, 0.0000000000, 0.0000000000, 0.0000000000, 0.0000000000, 0.0000000000, 0.0000000000, 0.0000000000, 0.0000000000, 0.0000000000, 0.0000000000, 0.0000000000, 0.0000000000,
         0.0000000000, 0.0000000000, 0.0000000000, 0.0000000000, 0.0000000000, 0.0000000000, 0.0000000000, 0.0000000000, 0.0000000000, 0.0000000000, 0.0000000000, 0.0000000000, 0.0000000000,
         0.0000000000, 0.0000000000, 0.0000000000, 0.0000000000],
        [0.0000000000, 0.0000000000, 0.0000000000, 0.0000000000, 0.0000000000, 0.0000000000, 0.0000000000, 0.0000000000, 0.0000000000, 0.0000000000, 0.0000000000, 0.0000000000, 0.0000000000,
         0.0000000000, 0.0000000000, 0.0000000000, 0.0000000000, 0.0000000000, 0.0000000000, 0.0000000000, 0.0000000000, 0.0000000000, 0.0000000000, 0.0000000000, 0.0000000000, 0.0000000000,
         0.0000000000, 0.0000000000, 0.0000000000, 0.0000000000, 0.0000000000, 0.0000000000, 0.0000000000, 0.0000000000, 0.0000000000, 0.0000000000, 0.0000000000, 0.0000000000, 0.0000000000,
         0.0000000000, 0.0000000000, 0.0000000000, 0.0000000000],
        [0.0000000000, 0.0000000000, 0.0000000000, 0.0000000000, 0.0000000000, 0.0000000000, 0.0000000000, 0.0000000000, 0.0000000000, 0.0000000000, 0.0000000000, 0.0000000000, 0.0000000000,
         0.0000000000, 0.0000000000, 0.0000000000, 0.0000000000, 0.0000000000, 0.0000000000, 0.0000000000, 0.0000000000, 0.0000000000, 0.0000000000, 0.0000000000, 0.0000000000, 0.0000000000,
         0.0000000000, 0.0000000000, 0.0000000000, 0.0000000000, 0.0000000000, 0.0000000000, 0.0000000000, 0.0000000000, 0.0000000000, 0.0000000000, 0.0000000000, 0.0000000000, 0.0000000000,
         0.0000000000, 0.0000000000, 0.0000000000, 0.0000000000]],

       [[118.0500030518, 27515650.0000000000, 14752955.0000000000, 1.0000000000, 193.3271484375, -91.3969955444, -229.1017303467, 138.8968811035, 0.6574162245, 0.0000000000, -0.7535276413,
         210.0478820801, -91.3710021973, -197.0198669434, 14.0888519287, 0.2434262931, 0.0000000000, 0.9699193835, 36.1777496338, 0.4621827900, 0.0007184899, 0.8867843747, -0.3643700778,
         1376704679.0000000000, 0.0005414020, -0.9312539697, 0.0004723469, 100.0000076294, 0.0000000000, 1.0000000000, 0.8445013165, 0.5354473591, 0.3463628292, -3.7669787407, 0.0000000000,
         0.0000000000, 0.0000000000, 0.0000000000, 1.0000000000, 0.0000000000, 0.0000000000, 0.0000000000, 0.0000000000],
        [118.0500030518, 27503574.0000000000, 14752955.0000000000, 1.0000000000, 263.8662414551, -90.7268447876, -151.7521362305, 207.4852142334, -0.4615196586, 0.0000000000, -0.8871301413,
         210.0478820801, -91.3710021973, -197.0198669434, 14.0888519287, 0.2434262931, 0.0000000000, 0.9699193835, 70.3277893066, -0.7652502656, -0.0091593582, -0.6436677575, 0.9241951108,
         1376704679.0000000000, -0.0081255427, 0.3818112612, 0.0042272238, 100.0000076294, 0.0000000000, 1.0000000000, 0.0000000000, 0.0000000000, 0.0000000000, 0.0000000000, 0.0000000000,
         0.0000000000, 0.0000000000, 0.0000000000, 0.0000000000, 0.0000000000, 0.0000000000, 0.0000000000, 0.0000000000],
        [118.0500030518, 27440475.0000000000, 27515650.0000000000, 2.0000000000, 148.8962554932, -91.3969955444, -233.6740417480, 113.6765289307, 0.9158273339, 0.0000000000, -0.4015727043,
         193.3271484375, -91.3969955444, -229.1017303467, 138.8968811035, 0.6574162245, 0.0000000000, -0.7535276413, 44.6655387878, 0.9947466254, 0.0000000000, 0.1023677662, 0.8699080348,
         1656491584.0000000000, 0.0000000000, -0.4932142794, 0.0000000000, 100.0000076294, 0.0000000000, 0.0000000000, 0.0000000000, 0.0000000000, 0.0000000000, 0.0000000000, 0.0000000000,
         0.0000000000, 0.0000000000, 0.0000000000, 0.0000000000, 0.0000000000, 0.0000000000, 0.0000000000, 0.0000000000],
        [118.0500030518, 14752917.0000000000, 27515650.0000000000, 2.0000000000, 206.4966735840, -91.3938903809, -192.6811523438, 35.1163673401, 0.5752389431, 0.0000000000, 0.8179854155,
         193.3271484375, -91.3969955444, -229.1017303467, 138.8968811035, 0.6574162245, 0.0000000000, -0.7535276413, 38.7284774780, -0.3400475681, -0.0000801778, -0.9404082298, -0.9648488164,
         1376704679.0000000000, 0.0000655843, 0.2628054917, -0.0000461214, 38.3710021973, 1.0000000000, 0.0000000000, 0.7982396483, -0.6023399234, 0.6768864393, 0.2132858932, 1.0000000000,
         0.0000000000, 0.0000000000, 0.0000000000, 0.0000000000, 0.0000000000, 0.0000000000, 0.0000000000, 0.0000000000],
        [118.0500030518, 22741509.0000000000, 14752955.0000000000, 1.0000000000, 244.6867523193, -91.6054611206, -173.6792755127, 215.6510467529, -0.5828471780, 0.0000000000, -0.8125820160,
         210.0478820801, -91.3710021973, -197.0198669434, 14.0888519287, 0.2434262931, 0.0000000000, 0.9699193835, 41.7694816589, -0.8292865753, 0.0056131631, -0.5587953329, 0.9374144077,
         1242397926.0000000000, 0.0045611556, 0.3481710851, -0.0032716163, 118.1640090942, 1.0000000000, 1.0000000000, -0.8353174925, 0.5497678518, -0.5228812099, 0.1337745488, 1.0000000000,
         0.0000000000, 0.0000000000, 0.0000000000, 1.0000000000, 0.0000000000, 0.0000000000, 0.0000000000, 0.0000000000],
        [118.0500030518, 14752955.0000000000, 27515650.0000000000, 2.0000000000, 210.0478820801, -91.3710021973, -197.0198669434, 14.0888519287, 0.2434262931, 0.0000000000, 0.9699193835,
         193.3271484375, -91.3969955444, -229.1017303467, 138.8968811035, 0.6574162245, 0.0000000000, -0.7535276413, 36.1777496338, -0.4621827900, -0.0007184899, -0.8867843747, -0.9726167917,
         1242397926.0000000000, 0.0006968773, -0.2324134111, -0.0001748993, 42.8170013428, 1.0000000000, 0.0000000000, 0.9794961214, -0.2014629543, 0.4856771529, -0.5576678514, 1.0000000000,
         0.0000000000, 0.0000000000, 0.0000000000, 0.0000000000, 0.0000000000, 0.0000000000, 0.0000000000, 0.0000000000],
        [118.0500030518, 14586614.0000000000, 14752955.0000000000, 1.0000000000, 244.6867523193, -91.6054611206, -173.6792755127, 209.8350524902, -0.4975048006, 0.0000000000, -0.8674613237,
         210.0478820801, -91.3710021973, -197.0198669434, 14.0888519287, 0.2434262931, 0.0000000000, 0.9699193835, 41.7694816589, -0.8292865753, 0.0056131631, -0.5587953329, 0.8973073959,
         1242397926.0000000000, 0.0048692017, 0.4413706660, -0.0027925756, 37.7910003662, 1.0000000000, 1.0000000000, 0.8978628516, -0.4402752221, -0.0067705116, -1.1896560192, 1.0000000000,
         0.0000000000, 0.0000000000, 0.0000000000, 0.0000000000, 0.0000000000, 0.0000000000, 0.0000000000, 0.0000000000],
        [0.0000000000, 0.0000000000, 0.0000000000, 0.0000000000, 0.0000000000, 0.0000000000, 0.0000000000, 0.0000000000, 0.0000000000, 0.0000000000, 0.0000000000, 0.0000000000, 0.0000000000,
         0.0000000000, 0.0000000000, 0.0000000000, 0.0000000000, 0.0000000000, 0.0000000000, 0.0000000000, 0.0000000000, 0.0000000000, 0.0000000000, 0.0000000000, 0.0000000000, 0.0000000000,
         0.0000000000, 0.0000000000, 0.0000000000, 0.0000000000, 0.0000000000, 0.0000000000, 0.0000000000, 0.0000000000, 0.0000000000, 0.0000000000, 0.0000000000, 0.0000000000, 0.0000000000,
         0.0000000000, 0.0000000000, 0.0000000000, 0.0000000000],
        [0.0000000000, 0.0000000000, 0.0000000000, 0.0000000000, 0.0000000000, 0.0000000000, 0.0000000000, 0.0000000000, 0.0000000000, 0.0000000000, 0.0000000000, 0.0000000000, 0.0000000000,
         0.0000000000, 0.0000000000, 0.0000000000, 0.0000000000, 0.0000000000, 0.0000000000, 0.0000000000, 0.0000000000, 0.0000000000, 0.0000000000, 0.0000000000, 0.0000000000, 0.0000000000,
         0.0000000000, 0.0000000000, 0.0000000000, 0.0000000000, 0.0000000000, 0.0000000000, 0.0000000000, 0.0000000000, 0.0000000000, 0.0000000000, 0.0000000000, 0.0000000000, 0.0000000000,
         0.0000000000, 0.0000000000, 0.0000000000, 0.0000000000],
        [0.0000000000, 0.0000000000, 0.0000000000, 0.0000000000, 0.0000000000, 0.0000000000, 0.0000000000, 0.0000000000, 0.0000000000, 0.0000000000, 0.0000000000, 0.0000000000, 0.0000000000,
         0.0000000000, 0.0000000000, 0.0000000000, 0.0000000000, 0.0000000000, 0.0000000000, 0.0000000000, 0.0000000000, 0.0000000000, 0.0000000000, 0.0000000000, 0.0000000000, 0.0000000000,
         0.0000000000, 0.0000000000, 0.0000000000, 0.0000000000, 0.0000000000, 0.0000000000, 0.0000000000, 0.0000000000, 0.0000000000, 0.0000000000, 0.0000000000, 0.0000000000, 0.0000000000,
         0.0000000000, 0.0000000000, 0.0000000000, 0.0000000000]],

       [[118.0999984741, 27515650.0000000000, 14752955.0000000000, 1.0000000000, 193.2396087646, -91.3969955444, -229.4777679443, 135.1298980713, 0.7055019140, 0.0000000000, -0.7087081671,
         210.2432556152, -91.3515319824, -197.1112365723, 13.5311841965, 0.2339745611, 0.0000000000, 0.9722427130, 36.5611610413, 0.4650740325, 0.0012434934, 0.8852708936, -0.2992880940,
         1376704679.0000000000, 0.0008812739, -0.9541620612, 0.0008772869, 100.0000076294, 0.0000000000, 1.0000000000, 0.8604758382, 0.5094335079, 0.2385939956, -2.2843580246, 0.0000000000,
         0.0000000000, 0.0000000000, 0.0000000000, 1.0000000000, 0.0000000000, 0.0000000000, 0.0000000000, 0.0000000000],
        [118.0999984741, 27503574.0000000000, 14752955.0000000000, 1.0000000000, 263.8662414551, -90.7268447876, -151.7521362305, 207.4852142334, -0.4615196586, 0.0000000000, -0.8871301413,
         210.2432556152, -91.3515319824, -197.1112365723, 13.5311841965, 0.2339745611, 0.0000000000, 0.9722427130, 70.2371902466, -0.7634557486, -0.0088939657, -0.6457989216, 0.9252575040,
         1376704679.0000000000, -0.0078901052, 0.3792357147, 0.0041047400, 100.0000076294, 0.0000000000, 1.0000000000, 0.0000000000, 0.0000000000, 0.0000000000, 0.0000000000, 0.0000000000,
         0.0000000000, 0.0000000000, 0.0000000000, 0.0000000000, 0.0000000000, 0.0000000000, 0.0000000000, 0.0000000000],
        [118.0999984741, 27440475.0000000000, 27515650.0000000000, 2.0000000000, 148.8837432861, -91.3969955444, -233.6705017090, 113.6765289307, 0.9158273339, 0.0000000000, -0.4015727043,
         193.2396087646, -91.3969955444, -229.4777679443, 135.1298980713, 0.7055019140, 0.0000000000, -0.7087081671, 44.5535850525, 0.9955621958, 0.0000000000, 0.0941054150, 0.8739728928,
         1656491584.0000000000, 0.0000000000, -0.4859749079, 0.0000000000, 100.0000076294, 0.0000000000, 0.0000000000, 0.0000000000, 0.0000000000, 0.0000000000, 0.0000000000, 0.0000000000,
         0.0000000000, 0.0000000000, 0.0000000000, 0.0000000000, 0.0000000000, 0.0000000000, 0.0000000000, 0.0000000000],
        [118.0999984741, 14752917.0000000000, 27515650.0000000000, 2.0000000000, 206.5540771484, -91.3938903809, -192.8550720215, 35.3296546936, 0.5782799721, 0.0000000000, 0.8158383965,
         193.2396087646, -91.3969955444, -229.4777679443, 135.1298980713, 0.7055019140, 0.0000000000, -0.7087081671, 38.9678955078, -0.3416779041, -0.0000796852, -0.9398171306, -0.9643244147,
         1376704679.0000000000, 0.0000650102, 0.2647234797, -0.0000460803, 38.3710021973, 1.0000000000, 0.0000000000, 0.7982396483, -0.6023399234, 0.6768864393, 0.2132858932, 1.0000000000,
         0.0000000000, 0.0000000000, 0.0000000000, 0.0000000000, 0.0000000000, 0.0000000000, 0.0000000000, 0.0000000000],
        [118.0999984741, 22741509.0000000000, 14752955.0000000000, 1.0000000000, 244.6867523193, -91.6054611206, -173.6792755127, 215.9228210449, -0.5866950154, 0.0000000000, -0.8098078966,
         210.2432556152, -91.3515319824, -197.1112365723, 13.5311841965, 0.2339745611, 0.0000000000, 0.9722427130, 41.6590423584, -0.8267952204, 0.0060954145, -0.5624699593, 0.9405692220,
         1242397926.0000000000, 0.0049361149, 0.3395469785, -0.0035761492, 118.1640090942, 1.0000000000, 1.0000000000, -0.8353174925, 0.5497678518, -0.5228812099, 0.1337745488, 1.0000000000,
         0.0000000000, 0.0000000000, 0.0000000000, 1.0000000000, 0.0000000000, 0.0000000000, 0.0000000000, 0.0000000000],
        [118.0999984741, 14752955.0000000000, 27515650.0000000000, 2.0000000000, 210.2432556152, -91.3515319824, -197.1112365723, 13.5311841965, 0.2339745611, 0.0000000000, 0.9722427130,
         193.2396087646, -91.3969955444, -229.4777679443, 135.1298980713, 0.7055019140, 0.0000000000, -0.7087081671, 36.5611610413, -0.4650740325, -0.0012434934, -0.8852708936, -0.9695136547,
         1242397926.0000000000, 0.0012089774, -0.2450339645, -0.0002909458, 42.8170013428, 1.0000000000, 0.0000000000, 0.9794961214, -0.2014629543, 0.4856771529, -0.5576678514, 1.0000000000,
         0.0000000000, 0.0000000000, 0.0000000000, 0.0000000000, 0.0000000000, 0.0000000000, 0.0000000000, 0.0000000000],
        [118.0999984741, 14586614.0000000000, 14752955.0000000000, 1.0000000000, 244.6867523193, -91.6054611206, -173.6792755127, 208.6454010010, -0.4793873727, 0.0000000000, -0.8776034117,
         210.2432556152, -91.3515319824, -197.1112365723, 13.5311841965, 0.2339745611, 0.0000000000, 0.9722427130, 41.6590423584, -0.8267952204, 0.0060954145, -0.5624699593, 0.8899807334,
         1242397926.0000000000, 0.0053493567, 0.4559573233, -0.0029220649, 37.7910003662, 1.0000000000, 1.0000000000, 0.8978628516, -0.4402752221, -0.0067705116, -1.1896560192, 1.0000000000,
         0.0000000000, 0.0000000000, 0.0000000000, 0.0000000000, 0.0000000000, 0.0000000000, 0.0000000000, 0.0000000000],
        [0.0000000000, 0.0000000000, 0.0000000000, 0.0000000000, 0.0000000000, 0.0000000000, 0.0000000000, 0.0000000000, 0.0000000000, 0.0000000000, 0.0000000000, 0.0000000000, 0.0000000000,
         0.0000000000, 0.0000000000, 0.0000000000, 0.0000000000, 0.0000000000, 0.0000000000, 0.0000000000, 0.0000000000, 0.0000000000, 0.0000000000, 0.0000000000, 0.0000000000, 0.0000000000,
         0.0000000000, 0.0000000000, 0.0000000000, 0.0000000000, 0.0000000000, 0.0000000000, 0.0000000000, 0.0000000000, 0.0000000000, 0.0000000000, 0.0000000000, 0.0000000000, 0.0000000000,
         0.0000000000, 0.0000000000, 0.0000000000, 0.0000000000],
        [0.0000000000, 0.0000000000, 0.0000000000, 0.0000000000, 0.0000000000, 0.0000000000, 0.0000000000, 0.0000000000, 0.0000000000, 0.0000000000, 0.0000000000, 0.0000000000, 0.0000000000,
         0.0000000000, 0.0000000000, 0.0000000000, 0.0000000000, 0.0000000000, 0.0000000000, 0.0000000000, 0.0000000000, 0.0000000000, 0.0000000000, 0.0000000000, 0.0000000000, 0.0000000000,
         0.0000000000, 0.0000000000, 0.0000000000, 0.0000000000, 0.0000000000, 0.0000000000, 0.0000000000, 0.0000000000, 0.0000000000, 0.0000000000, 0.0000000000, 0.0000000000, 0.0000000000,
         0.0000000000, 0.0000000000, 0.0000000000, 0.0000000000],
        [0.0000000000, 0.0000000000, 0.0000000000, 0.0000000000, 0.0000000000, 0.0000000000, 0.0000000000, 0.0000000000, 0.0000000000, 0.0000000000, 0.0000000000, 0.0000000000, 0.0000000000,
         0.0000000000, 0.0000000000, 0.0000000000, 0.0000000000, 0.0000000000, 0.0000000000, 0.0000000000, 0.0000000000, 0.0000000000, 0.0000000000, 0.0000000000, 0.0000000000, 0.0000000000,
         0.0000000000, 0.0000000000, 0.0000000000, 0.0000000000, 0.0000000000, 0.0000000000, 0.0000000000, 0.0000000000, 0.0000000000, 0.0000000000, 0.0000000000, 0.0000000000, 0.0000000000,
         0.0000000000, 0.0000000000, 0.0000000000, 0.0000000000]],

       [[118.1500015259, 27515650.0000000000, 14752955.0000000000, 1.0000000000, 193.1592407227, -91.3969955444, -229.8554687500, 132.8455352783, 0.7331896424, 0.0000000000, -0.6800243855,
         210.3182067871, -91.3510742188, -197.1910400391, 12.8981676102, 0.2232189476, 0.0000000000, 0.9747683406, 36.8971138000, 0.4650489986, 0.0012445777, 0.8852841258, -0.2610456944,
         1376704679.0000000000, 0.0008463432, -0.9653258324, 0.0009125115, 100.0000076294, 0.0000000000, 1.0000000000, 0.8685017824, 0.4956829250, 0.0810512379, -1.1397198439, 0.0000000000,
         0.0000000000, 0.0000000000, 0.0000000000, 1.0000000000, 0.0000000000, 0.0000000000, 0.0000000000, 0.0000000000],
        [118.1500015259, 27503574.0000000000, 14752955.0000000000, 1.0000000000, 263.8662414551, -90.7268447876, -151.7521362305, 207.4852142334, -0.4615196586, 0.0000000000, -0.8871301413,
         210.3182067871, -91.3510742188, -197.1910400391, 12.8981676102, 0.2232189476, 0.0000000000, 0.9747683406, 70.2315826416, -0.7624495029, -0.0088881580, -0.6469867826, 0.9258469343,
         1376704679.0000000000, -0.0078849532, 0.3777948022, 0.0041020596, 100.0000076294, 0.0000000000, 1.0000000000, 0.0000000000, 0.0000000000, 0.0000000000, 0.0000000000, 0.0000000000,
         0.0000000000, 0.0000000000, 0.0000000000, 0.0000000000, 0.0000000000, 0.0000000000, 0.0000000000, 0.0000000000],
        [118.1500015259, 27440475.0000000000, 27515650.0000000000, 2.0000000000, 148.8931274414, -91.3969955444, -233.6731567383, 113.6765289307, 0.9158273339, 0.0000000000, -0.4015727043,
         193.1592407227, -91.3969955444, -229.8554687500, 132.8455352783, 0.7331896424, 0.0000000000, -0.6800243855, 44.4304351807, 0.9963015914, 0.0000000000, 0.0859250650, 0.8779350519,
         1656491584.0000000000, 0.0000000000, -0.4787800610, 0.0000000000, 100.0000076294, 0.0000000000, 0.0000000000, 0.0000000000, 0.0000000000, 0.0000000000, 0.0000000000, 0.0000000000,
         0.0000000000, 0.0000000000, 0.0000000000, 0.0000000000, 0.0000000000, 0.0000000000, 0.0000000000, 0.0000000000],
        [118.1500015259, 14752917.0000000000, 27515650.0000000000, 2.0000000000, 206.6500854492, -91.3938903809, -193.0242614746, 35.4664955139, 0.5802267790, 0.0000000000, 0.8144549727,
         193.1592407227, -91.3969955444, -229.8554687500, 132.8455352783, 0.7331896424, 0.0000000000, -0.6800243855, 39.2242355347, -0.3439415693, -0.0000791644, -0.9389910698, -0.9643300772,
         1376704679.0000000000, 0.0000644758, 0.2647028565, -0.0000459333, 38.3710021973, 1.0000000000, 0.0000000000, 0.8818261027, -0.4715746343, 0.8588453531, 0.1368392259, 0.0000000000,
         0.0000000000, 0.0000000000, 0.0000000000, 0.0000000000, 0.0000000000, 0.0000000000, 0.0000000000, 0.0000000000],
        [118.1500015259, 22741509.0000000000, 14752955.0000000000, 1.0000000000, 244.6867523193, -91.6054611206, -173.6792755127, 215.9785156250, -0.5874819160, 0.0000000000, -0.8092372417,
         210.3182067871, -91.3510742188, -197.1910400391, 12.8981676102, 0.2232189476, 0.0000000000, 0.9747683406, 41.6421012878, -0.8253316879, 0.0061088870, -0.5646152496, 0.9417751431,
         1242397926.0000000000, 0.0049435389, 0.3361878991, -0.0035888606, 118.1640090942, 1.0000000000, 1.0000000000, -0.7937294841, 0.6082708836, -0.6810663342, 0.0556966178, 1.0000000000,
         0.0000000000, 0.0000000000, 0.0000000000, 1.0000000000, 0.0000000000, 0.0000000000, 0.0000000000, 0.0000000000],
        [118.1500015259, 14752955.0000000000, 27515650.0000000000, 2.0000000000, 210.3182067871, -91.3510742188, -197.1910400391, 12.8981676102, 0.2232189476, 0.0000000000, 0.9747683406,
         193.1592407227, -91.3969955444, -229.8554687500, 132.8455352783, 0.7331896424, 0.0000000000, -0.6800243855, 36.8971138000, -0.4650489986, -0.0012445777, -0.8852841258, -0.9667546749,
         1242397926.0000000000, 0.0012131749, -0.2557028532, -0.0002778133, 42.8170013428, 1.0000000000, 0.0000000000, 0.9859409928, -0.1670942008, 0.7024353743, -0.6330168843, 1.0000000000,
         0.0000000000, 0.0000000000, 0.0000000000, 0.0000000000, 0.0000000000, 0.0000000000, 0.0000000000, 0.0000000000],
        [118.1500015259, 14586614.0000000000, 14752955.0000000000, 1.0000000000, 244.6867523193, -91.6054611206, -173.6792755127, 207.4492950439, -0.4609634578, 0.0000000000, -0.8874192238,
         210.3182067871, -91.3510742188, -197.1910400391, 12.8981676102, 0.2232189476, 0.0000000000, 0.9747683406, 41.6421012878, -0.8253316879, 0.0061088870, -0.5646152496, 0.8814981580,
         1242397926.0000000000, 0.0054211440, 0.4721482098, -0.0028159737, 37.7910003662, 1.0000000000, 1.0000000000, 0.9548178315, -0.2971918285, -0.0078397440, -1.1961100101, 1.0000000000,
         0.0000000000, 0.0000000000, 0.0000000000, 0.0000000000, 0.0000000000, 0.0000000000, 0.0000000000, 0.0000000000],
        [0.0000000000, 0.0000000000, 0.0000000000, 0.0000000000, 0.0000000000, 0.0000000000, 0.0000000000, 0.0000000000, 0.0000000000, 0.0000000000, 0.0000000000, 0.0000000000, 0.0000000000,
         0.0000000000, 0.0000000000, 0.0000000000, 0.0000000000, 0.0000000000, 0.0000000000, 0.0000000000, 0.0000000000, 0.0000000000, 0.0000000000, 0.0000000000, 0.0000000000, 0.0000000000,
         0.0000000000, 0.0000000000, 0.0000000000, 0.0000000000, 0.0000000000, 0.0000000000, 0.0000000000, 0.0000000000, 0.0000000000, 0.0000000000, 0.0000000000, 0.0000000000, 0.0000000000,
         0.0000000000, 0.0000000000, 0.0000000000, 0.0000000000],
        [0.0000000000, 0.0000000000, 0.0000000000, 0.0000000000, 0.0000000000, 0.0000000000, 0.0000000000, 0.0000000000, 0.0000000000, 0.0000000000, 0.0000000000, 0.0000000000, 0.0000000000,
         0.0000000000, 0.0000000000, 0.0000000000, 0.0000000000, 0.0000000000, 0.0000000000, 0.0000000000, 0.0000000000, 0.0000000000, 0.0000000000, 0.0000000000, 0.0000000000, 0.0000000000,
         0.0000000000, 0.0000000000, 0.0000000000, 0.0000000000, 0.0000000000, 0.0000000000, 0.0000000000, 0.0000000000, 0.0000000000, 0.0000000000, 0.0000000000, 0.0000000000, 0.0000000000,
         0.0000000000, 0.0000000000, 0.0000000000, 0.0000000000],
        [0.0000000000, 0.0000000000, 0.0000000000, 0.0000000000, 0.0000000000, 0.0000000000, 0.0000000000, 0.0000000000, 0.0000000000, 0.0000000000, 0.0000000000, 0.0000000000, 0.0000000000,
         0.0000000000, 0.0000000000, 0.0000000000, 0.0000000000, 0.0000000000, 0.0000000000, 0.0000000000, 0.0000000000, 0.0000000000, 0.0000000000, 0.0000000000, 0.0000000000, 0.0000000000,
         0.0000000000, 0.0000000000, 0.0000000000, 0.0000000000, 0.0000000000, 0.0000000000, 0.0000000000, 0.0000000000, 0.0000000000, 0.0000000000, 0.0000000000, 0.0000000000, 0.0000000000,
         0.0000000000, 0.0000000000, 0.0000000000, 0.0000000000]],

       [[118.1999969482, 27515650.0000000000, 14752955.0000000000, 1.0000000000, 193.0790557861, -91.3969955444, -230.2332153320, 131.7058105469, 0.7465706468, 0.0000000000, -0.6653060913,
         210.3182067871, -91.3755187988, -197.4093017578, 12.2651510239, 0.2124360949, 0.0000000000, 0.9771749377, 37.0755729675, 0.4649733007, 0.0005792694, 0.8853245378, -0.2418763936,
         1376704679.0000000000, 0.0003853915, -0.9703068733, 0.0004324655, 100.0000076294, 0.0000000000, 1.0000000000, 0.8704020977, 0.4923377931, 0.0375494659, -1.3602497578, 0.0000000000,
         0.0000000000, 0.0000000000, 0.0000000000, 1.0000000000, 0.0000000000, 0.0000000000, 0.0000000000, 0.0000000000],
        [118.1999969482, 27503574.0000000000, 14752955.0000000000, 1.0000000000, 263.8662414551, -90.7268447876, -151.7521362305, 207.4852142334, -0.4615196586, 0.0000000000, -0.8871301413,
         210.3182067871, -91.3755187988, -197.4093017578, 12.2651510239, 0.2124360949, 0.0000000000, 0.9771749377, 70.3732147217, -0.7609149814, -0.0092176264, -0.6487861276, 0.9267349243,
         1376704679.0000000000, -0.0081772339, 0.3756030500, 0.0042541157, 100.0000076294, 0.0000000000, 1.0000000000, 0.0000000000, 0.0000000000, 0.0000000000, 0.0000000000, 0.0000000000,
         0.0000000000, 0.0000000000, 0.0000000000, 0.0000000000, 0.0000000000, 0.0000000000, 0.0000000000, 0.0000000000],
        [118.1999969482, 27440475.0000000000, 27515650.0000000000, 2.0000000000, 148.8860931396, -91.3969955444, -233.6711730957, 113.6765289307, 0.9158273339, 0.0000000000, -0.4015727043,
         193.0790557861, -91.3969955444, -230.2332153320, 131.7058105469, 0.7465706468, 0.0000000000, -0.6653060913, 44.3264884949, 0.9969877005, 0.0000000000, 0.0775598958, 0.8819226623,
         1656491584.0000000000, 0.0000000000, -0.4713945091, 0.0000000000, 100.0000076294, 0.0000000000, 0.0000000000, 0.0000000000, 0.0000000000, 0.0000000000, 0.0000000000, 0.0000000000,
         0.0000000000, 0.0000000000, 0.0000000000, 0.0000000000, 0.0000000000, 0.0000000000, 0.0000000000, 0.0000000000],
        [118.1999969482, 14752917.0000000000, 27515650.0000000000, 2.0000000000, 206.7318115234, -91.3938903809, -193.2008056641, 35.6033363342, 0.5821703672, 0.0000000000, 0.8130668402,
         193.0790557861, -91.3969955444, -230.2332153320, 131.7058105469, 0.7465706468, 0.0000000000, -0.6653060913, 39.4689369202, -0.3459114134, -0.0000786736, -0.9382672310, -0.9642533660,
         1376704679.0000000000, 0.0000639669, 0.2649822831, -0.0000458014, 38.3710021973, 1.0000000000, 0.0000000000, 0.8818261027, -0.4715746343, 0.8588453531, 0.1368392259, 0.0000000000,
         0.0000000000, 0.0000000000, 0.0000000000, 0.0000000000, 0.0000000000, 0.0000000000, 0.0000000000, 0.0000000000],
        [118.1999969482, 22741509.0000000000, 14752955.0000000000, 1.0000000000, 244.6867523193, -91.6054611206, -173.6792755127, 216.0342102051, -0.5882682800, 0.0000000000, -0.8086658716,
         210.3182067871, -91.3755187988, -197.4093017578, 12.2651510239, 0.2124360949, 0.0000000000, 0.9771749377, 41.7655830383, -0.8228915334, 0.0055055455, -0.5681717992, 0.9435421228,
         1242397926.0000000000, 0.0044521466, 0.3312068582, -0.0032387378, 118.1640090942, 1.0000000000, 1.0000000000, -0.7937294841, 0.6082708836, -0.6810663342, 0.0556966178, 1.0000000000,
         0.0000000000, 0.0000000000, 0.0000000000, 1.0000000000, 0.0000000000, 0.0000000000, 0.0000000000, 0.0000000000],
        [118.1999969482, 14752955.0000000000, 27515650.0000000000, 2.0000000000, 210.3182067871, -91.3755187988, -197.4093017578, 12.2651510239, 0.2124360949, 0.0000000000, 0.9771749377,
         193.0790557861, -91.3969955444, -230.2332153320, 131.7058105469, 0.7465706468, 0.0000000000, -0.6653060913, 37.0755729675, -0.4649733007, -0.0005792694, -0.8853245378, -0.9638940692,
         1242397926.0000000000, 0.0005660476, -0.2662853599, -0.0001230577, 42.8170013428, 1.0000000000, 0.0000000000, 0.9859409928, -0.1670942008, 0.7024353743, -0.6330168843, 1.0000000000,
         0.0000000000, 0.0000000000, 0.0000000000, 0.0000000000, 0.0000000000, 0.0000000000, 0.0000000000, 0.0000000000],
        [118.1999969482, 14586614.0000000000, 14752955.0000000000, 1.0000000000, 244.6867523193, -91.6054611206, -173.6792755127, 206.2531890869, -0.4423386455, 0.0000000000, -0.8968480825,
         210.3182067871, -91.3755187988, -197.4093017578, 12.2651510239, 0.2124360949, 0.0000000000, 0.9771749377, 41.7655830383, -0.8228915334, 0.0055055455, -0.5681717992, 0.8735604882,
         1242397926.0000000000, 0.0049376381, 0.4866843522, -0.0024353156, 37.7910003662, 1.0000000000, 1.0000000000, 0.9548178315, -0.2971918285, -0.0078397440, -1.1961100101, 1.0000000000,
         0.0000000000, 0.0000000000, 0.0000000000, 0.0000000000, 0.0000000000, 0.0000000000, 0.0000000000, 0.0000000000],
        [0.0000000000, 0.0000000000, 0.0000000000, 0.0000000000, 0.0000000000, 0.0000000000, 0.0000000000, 0.0000000000, 0.0000000000, 0.0000000000, 0.0000000000, 0.0000000000, 0.0000000000,
         0.0000000000, 0.0000000000, 0.0000000000, 0.0000000000, 0.0000000000, 0.0000000000, 0.0000000000, 0.0000000000, 0.0000000000, 0.0000000000, 0.0000000000, 0.0000000000, 0.0000000000,
         0.0000000000, 0.0000000000, 0.0000000000, 0.0000000000, 0.0000000000, 0.0000000000, 0.0000000000, 0.0000000000, 0.0000000000, 0.0000000000, 0.0000000000, 0.0000000000, 0.0000000000,
         0.0000000000, 0.0000000000, 0.0000000000, 0.0000000000],
        [0.0000000000, 0.0000000000, 0.0000000000, 0.0000000000, 0.0000000000, 0.0000000000, 0.0000000000, 0.0000000000, 0.0000000000, 0.0000000000, 0.0000000000, 0.0000000000, 0.0000000000,
         0.0000000000, 0.0000000000, 0.0000000000, 0.0000000000, 0.0000000000, 0.0000000000, 0.0000000000, 0.0000000000, 0.0000000000, 0.0000000000, 0.0000000000, 0.0000000000, 0.0000000000,
         0.0000000000, 0.0000000000, 0.0000000000, 0.0000000000, 0.0000000000, 0.0000000000, 0.0000000000, 0.0000000000, 0.0000000000, 0.0000000000, 0.0000000000, 0.0000000000, 0.0000000000,
         0.0000000000, 0.0000000000, 0.0000000000, 0.0000000000],
        [0.0000000000, 0.0000000000, 0.0000000000, 0.0000000000, 0.0000000000, 0.0000000000, 0.0000000000, 0.0000000000, 0.0000000000, 0.0000000000, 0.0000000000, 0.0000000000, 0.0000000000,
         0.0000000000, 0.0000000000, 0.0000000000, 0.0000000000, 0.0000000000, 0.0000000000, 0.0000000000, 0.0000000000, 0.0000000000, 0.0000000000, 0.0000000000, 0.0000000000, 0.0000000000,
         0.0000000000, 0.0000000000, 0.0000000000, 0.0000000000, 0.0000000000, 0.0000000000, 0.0000000000, 0.0000000000, 0.0000000000, 0.0000000000, 0.0000000000, 0.0000000000, 0.0000000000,
         0.0000000000, 0.0000000000, 0.0000000000, 0.0000000000]],

       [[118.2500000000, 27515650.0000000000, 14752955.0000000000, 1.0000000000, 193.0095825195, -91.3969955444, -230.6130828857, 130.3455657959, 0.7621536851, 0.0000000000, -0.6473960876,
         210.3508911133, -91.3938903809, -197.6250915527, 11.6901350021, 0.2026186883, 0.0000000000, 0.9792577028, 37.2683334351, 0.4653094709, 0.0000833191, 0.8851479888, -0.2184040099,
         1376704679.0000000000, 0.0000539405, -0.9758583307, 0.0000635019, 100.0000076294, 0.0000000000, 1.0000000000, 0.8716888428, 0.4900591969, -0.0292070284, -1.4236297607, 0.0000000000,
         0.0000000000, 0.0000000000, 0.0000000000, 1.0000000000, 0.0000000000, 0.0000000000, 0.0000000000, 0.0000000000],
        [118.2500000000, 27503574.0000000000, 14752955.0000000000, 1.0000000000, 263.8662414551, -90.7268447876, -151.7521362305, 207.4852142334, -0.4615196586, 0.0000000000, -0.8871301413,
         210.3508911133, -91.3938903809, -197.6250915527, 11.6901350021, 0.2026186883, 0.0000000000, 0.9792577028, 70.4887619019, -0.7592040300, -0.0094631482, -0.6507839561, 0.9277176261,
         1376704679.0000000000, -0.0083950441, 0.3731631935, 0.0043674288, 100.0000076294, 0.0000000000, 1.0000000000, 0.0000000000, 0.0000000000, 0.0000000000, 0.0000000000, 0.0000000000,
         0.0000000000, 0.0000000000, 0.0000000000, 0.0000000000, 0.0000000000, 0.0000000000, 0.0000000000, 0.0000000000],
        [118.2500000000, 27440475.0000000000, 27515650.0000000000, 2.0000000000, 148.8913726807, -91.3969955444, -233.6726684570, 113.6765289307, 0.9158273339, 0.0000000000, -0.4015727043,
         193.0095825195, -91.3969955444, -230.6130828857, 130.3455657959, 0.7621536851, 0.0000000000, -0.6473960876, 44.2241744995, 0.9976038933, 0.0000000000, 0.0691835508, 0.8858506680,
         1656491584.0000000000, 0.0000000000, -0.4639706910, 0.0000000000, 100.0000076294, 0.0000000000, 0.0000000000, 0.0000000000, 0.0000000000, 0.0000000000, 0.0000000000, 0.0000000000,
         0.0000000000, 0.0000000000, 0.0000000000, 0.0000000000, 0.0000000000, 0.0000000000, 0.0000000000, 0.0000000000],
        [118.2500000000, 14752917.0000000000, 27515650.0000000000, 2.0000000000, 206.8191223145, -91.3938903809, -193.3746643066, 35.7401733398, 0.5841104984, 0.0000000000, 0.8116741180,
         193.0095825195, -91.3969955444, -230.6130828857, 130.3455657959, 0.7621536851, 0.0000000000, -0.6473960876, 39.7165374756, -0.3477025032, -0.0000781831, -0.9376048446, -0.9641262889,
         1376704679.0000000000, 0.0000634592, 0.2654437125, -0.0000456676, 38.3710021973, 1.0000000000, 0.0000000000, 0.8818261027, -0.4715746343, 0.8588453531, 0.1368392259, 0.0000000000,
         0.0000000000, 0.0000000000, 0.0000000000, 0.0000000000, 0.0000000000, 0.0000000000, 0.0000000000, 0.0000000000],
        [118.2500000000, 22741509.0000000000, 14752955.0000000000, 1.0000000000, 244.6867523193, -91.6054611206, -173.6792755127, 216.0899047852, -0.5890540481, 0.0000000000, -0.8080936670,
         210.3508911133, -91.3938903809, -197.6250915527, 11.6901350021, 0.2026186883, 0.0000000000, 0.9792577028, 41.8616561890, -0.8202222586, 0.0050540459, -0.5720226765, 0.9454031587,
         1242397926.0000000000, 0.0040841424, 0.3258641362, -0.0029771063, 118.1640090942, 1.0000000000, 1.0000000000, -0.7937294841, 0.6082708836, -0.6810663342, 0.0556966178, 1.0000000000,
         0.0000000000, 0.0000000000, 0.0000000000, 1.0000000000, 0.0000000000, 0.0000000000, 0.0000000000, 0.0000000000],
        [118.2500000000, 14752955.0000000000, 27515650.0000000000, 2.0000000000, 210.3508911133, -91.3938903809, -197.6250915527, 11.6901350021, 0.2026186883, 0.0000000000, 0.9792577028,
         193.0095825195, -91.3969955444, -230.6130828857, 130.3455657959, 0.7621536851, 0.0000000000, -0.6473960876, 37.2683334351, -0.4653094709, -0.0000833191, -0.8851479888, -0.9610683918,
         1242397926.0000000000, 0.0000815909, -0.2763103545, -0.0000168820, 42.8170013428, 1.0000000000, 0.0000000000, 0.9859409928, -0.1670942008, 0.7024353743, -0.6330168843, 1.0000000000,
         0.0000000000, 0.0000000000, 0.0000000000, 0.0000000000, 0.0000000000, 0.0000000000, 0.0000000000, 0.0000000000],
        [118.2500000000, 14586614.0000000000, 14752955.0000000000, 1.0000000000, 244.6867523193, -91.6054611206, -173.6792755127, 205.0570831299, -0.4235211015, 0.0000000000, -0.9058862925,
         210.3508911133, -91.3938903809, -197.6250915527, 11.6901350021, 0.2026186883, 0.0000000000, 0.9792577028, 41.8616561890, -0.8202222586, 0.0050540459, -0.5720226765, 0.8655689359,
         1242397926.0000000000, 0.0045783911, 0.5007644296, -0.0021404950, 37.7910003662, 1.0000000000, 1.0000000000, 0.9548178315, -0.2971918285, -0.0078397440, -1.1961100101, 1.0000000000,
         0.0000000000, 0.0000000000, 0.0000000000, 0.0000000000, 0.0000000000, 0.0000000000, 0.0000000000, 0.0000000000],
        [0.0000000000, 0.0000000000, 0.0000000000, 0.0000000000, 0.0000000000, 0.0000000000, 0.0000000000, 0.0000000000, 0.0000000000, 0.0000000000, 0.0000000000, 0.0000000000, 0.0000000000,
         0.0000000000, 0.0000000000, 0.0000000000, 0.0000000000, 0.0000000000, 0.0000000000, 0.0000000000, 0.0000000000, 0.0000000000, 0.0000000000, 0.0000000000, 0.0000000000, 0.0000000000,
         0.0000000000, 0.0000000000, 0.0000000000, 0.0000000000, 0.0000000000, 0.0000000000, 0.0000000000, 0.0000000000, 0.0000000000, 0.0000000000, 0.0000000000, 0.0000000000, 0.0000000000,
         0.0000000000, 0.0000000000, 0.0000000000, 0.0000000000],
        [0.0000000000, 0.0000000000, 0.0000000000, 0.0000000000, 0.0000000000, 0.0000000000, 0.0000000000, 0.0000000000, 0.0000000000, 0.0000000000, 0.0000000000, 0.0000000000, 0.0000000000,
         0.0000000000, 0.0000000000, 0.0000000000, 0.0000000000, 0.0000000000, 0.0000000000, 0.0000000000, 0.0000000000, 0.0000000000, 0.0000000000, 0.0000000000, 0.0000000000, 0.0000000000,
         0.0000000000, 0.0000000000, 0.0000000000, 0.0000000000, 0.0000000000, 0.0000000000, 0.0000000000, 0.0000000000, 0.0000000000, 0.0000000000, 0.0000000000, 0.0000000000, 0.0000000000,
         0.0000000000, 0.0000000000, 0.0000000000, 0.0000000000],
        [0.0000000000, 0.0000000000, 0.0000000000, 0.0000000000, 0.0000000000, 0.0000000000, 0.0000000000, 0.0000000000, 0.0000000000, 0.0000000000, 0.0000000000, 0.0000000000, 0.0000000000,
         0.0000000000, 0.0000000000, 0.0000000000, 0.0000000000, 0.0000000000, 0.0000000000, 0.0000000000, 0.0000000000, 0.0000000000, 0.0000000000, 0.0000000000, 0.0000000000, 0.0000000000,
         0.0000000000, 0.0000000000, 0.0000000000, 0.0000000000, 0.0000000000, 0.0000000000, 0.0000000000, 0.0000000000, 0.0000000000, 0.0000000000, 0.0000000000, 0.0000000000, 0.0000000000,
         0.0000000000, 0.0000000000, 0.0000000000, 0.0000000000]],

       [[118.3000030518, 27515650.0000000000, 14752955.0000000000, 1.0000000000, 192.9475860596, -91.3969955444, -230.9942474365, 128.9219360352, 0.7780027390, 0.0000000000, -0.6282610893,
         210.5063171387, -91.3938903809, -197.7484741211, 11.2052640915, 0.1943244934, 0.0000000000, 0.9809373021, 37.5977439880, 0.4670155644, 0.0000825891, 0.8842491508, -0.1921999454,
         1376704679.0000000000, 0.0000518875, -0.9813559651, 0.0000642545, 100.0000076294, 0.0000000000, 1.0000000000, 0.8732640743, 0.4872432649, 0.2859817743, -2.9973225594, 0.0000000000,
         0.0000000000, 0.0000000000, 0.0000000000, 1.0000000000, 0.0000000000, 0.0000000000, 0.0000000000, 0.0000000000],
        [118.3000030518, 27503574.0000000000, 14752955.0000000000, 1.0000000000, 263.8662414551, -90.7268447876, -151.7521362305, 207.4852142334, -0.4615196586, 0.0000000000, -0.8871301413,
         210.5063171387, -91.3938903809, -197.7484741211, 11.2052640915, 0.1943244934, 0.0000000000, 0.9809373021, 70.4513244629, -0.7574012876, -0.0094681764, -0.6528810859, 0.9287460446,
         1376704679.0000000000, -0.0083995042, 0.3705960512, 0.0043697497, 100.0000076294, 0.0000000000, 1.0000000000, 0.0000000000, 0.0000000000, 0.0000000000, 0.0000000000, 0.0000000000,
         0.0000000000, 0.0000000000, 0.0000000000, 0.0000000000, 0.0000000000, 0.0000000000, 0.0000000000, 0.0000000000],
        [118.3000030518, 27440475.0000000000, 27515650.0000000000, 2.0000000000, 148.8913726807, -91.3969955444, -233.6726684570, 113.6765289307, 0.9158273339, 0.0000000000, -0.4015727043,
         192.9475860596, -91.3969955444, -230.9942474365, 128.9219360352, 0.7780027390, 0.0000000000, -0.6282610893, 44.1375579834, 0.9981570244, 0.0000000000, 0.0606834888, 0.8897706270,
         1656491584.0000000000, 0.0000000000, -0.4564082026, 0.0000000000, 100.0000076294, 0.0000000000, 0.0000000000, 0.0000000000, 0.0000000000, 0.0000000000, 0.0000000000, 0.0000000000,
         0.0000000000, 0.0000000000, 0.0000000000, 0.0000000000, 0.0000000000, 0.0000000000, 0.0000000000, 0.0000000000],
        [118.3000030518, 14752917.0000000000, 27515650.0000000000, 2.0000000000, 206.9436340332, -91.3938903809, -193.5375366211, 35.6703758240, 0.5831212997, 0.0000000000, 0.8123850822,
         192.9475860596, -91.3969955444, -230.9942474365, 128.9219360352, 0.7780027390, 0.0000000000, -0.6282610893, 39.9861793518, -0.3500221372, -0.0000776559, -0.9367414117, -0.9651001096,
         1376704679.0000000000, 0.0000630865, 0.2618811131, -0.0000452828, 38.3710021973, 1.0000000000, 0.0000000000, 0.9398558140, -0.3415713012, 0.6266000867, -0.0697958246, 1.0000000000,
         0.0000000000, 0.0000000000, 0.0000000000, 0.0000000000, 0.0000000000, 0.0000000000, 0.0000000000, 0.0000000000],
        [118.3000030518, 22741509.0000000000, 14752955.0000000000, 1.0000000000, 244.6867523193, -91.6054611206, -173.6792755127, 215.9606628418, -0.5872297287, 0.0000000000, -0.8094202280,
         210.5063171387, -91.3938903809, -197.7484741211, 11.2052640915, 0.1943244934, 0.0000000000, 0.9809373021, 41.8051834106, -0.8176123500, 0.0050608735, -0.5757467747, 0.9461473823,
         1242397926.0000000000, 0.0040963735, 0.3236963451, -0.0029718953, 92.6960067749, 1.0000000000, 1.0000000000, -0.8644163609, 0.5027766228, -0.4616006315, -0.1292402893, 1.0000000000,
         0.0000000000, 0.0000000000, 0.0000000000, 1.0000000000, 0.0000000000, 0.0000000000, 0.0000000000, 0.0000000000],
        [118.3000030518, 14752955.0000000000, 27515650.0000000000, 2.0000000000, 210.5063171387, -91.3938903809, -197.7484741211, 11.2052640915, 0.1943244934, 0.0000000000, 0.9809373021,
         192.9475860596, -91.3969955444, -230.9942474365, 128.9219360352, 0.7780027390, 0.0000000000, -0.6282610893, 37.5977439880, -0.4670155644, -0.0000825891, -0.8842491508, -0.9581455588,
         1242397926.0000000000, 0.0000810147, -0.2862817049, -0.0000160491, 42.8170013428, 1.0000000000, 0.0000000000, 0.9998272061, -0.0185885672, 0.6031228304, -0.5428702831, 1.0000000000,
         0.0000000000, 0.0000000000, 0.0000000000, 0.0000000000, 0.0000000000, 0.0000000000, 0.0000000000, 0.0000000000],
        [118.3000030518, 14586614.0000000000, 14752955.0000000000, 1.0000000000, 244.6867523193, -91.6054611206, -173.6792755127, 203.9785003662, -0.4063939452, 0.0000000000, -0.9136980772,
         210.5063171387, -91.3938903809, -197.7484741211, 11.2052640915, 0.1943244934, 0.0000000000, 0.9809373021, 41.8051834106, -0.8176123500, 0.0050608735, -0.5757467747, 0.8583314419,
         1242397926.0000000000, 0.0046241102, 0.5130708218, -0.0020567083, 37.7910003662, 1.0000000000, 1.0000000000, 0.9848243594, 0.1735539138, -0.0139968665, -1.0785797834, 1.0000000000,
         0.0000000000, 0.0000000000, 0.0000000000, 0.0000000000, 0.0000000000, 0.0000000000, 0.0000000000, 0.0000000000],
        [0.0000000000, 0.0000000000, 0.0000000000, 0.0000000000, 0.0000000000, 0.0000000000, 0.0000000000, 0.0000000000, 0.0000000000, 0.0000000000, 0.0000000000, 0.0000000000, 0.0000000000,
         0.0000000000, 0.0000000000, 0.0000000000, 0.0000000000, 0.0000000000, 0.0000000000, 0.0000000000, 0.0000000000, 0.0000000000, 0.0000000000, 0.0000000000, 0.0000000000, 0.0000000000,
         0.0000000000, 0.0000000000, 0.0000000000, 0.0000000000, 0.0000000000, 0.0000000000, 0.0000000000, 0.0000000000, 0.0000000000, 0.0000000000, 0.0000000000, 0.0000000000, 0.0000000000,
         0.0000000000, 0.0000000000, 0.0000000000, 0.0000000000],
        [0.0000000000, 0.0000000000, 0.0000000000, 0.0000000000, 0.0000000000, 0.0000000000, 0.0000000000, 0.0000000000, 0.0000000000, 0.0000000000, 0.0000000000, 0.0000000000, 0.0000000000,
         0.0000000000, 0.0000000000, 0.0000000000, 0.0000000000, 0.0000000000, 0.0000000000, 0.0000000000, 0.0000000000, 0.0000000000, 0.0000000000, 0.0000000000, 0.0000000000, 0.0000000000,
         0.0000000000, 0.0000000000, 0.0000000000, 0.0000000000, 0.0000000000, 0.0000000000, 0.0000000000, 0.0000000000, 0.0000000000, 0.0000000000, 0.0000000000, 0.0000000000, 0.0000000000,
         0.0000000000, 0.0000000000, 0.0000000000, 0.0000000000],
        [0.0000000000, 0.0000000000, 0.0000000000, 0.0000000000, 0.0000000000, 0.0000000000, 0.0000000000, 0.0000000000, 0.0000000000, 0.0000000000, 0.0000000000, 0.0000000000, 0.0000000000,
         0.0000000000, 0.0000000000, 0.0000000000, 0.0000000000, 0.0000000000, 0.0000000000, 0.0000000000, 0.0000000000, 0.0000000000, 0.0000000000, 0.0000000000, 0.0000000000, 0.0000000000,
         0.0000000000, 0.0000000000, 0.0000000000, 0.0000000000, 0.0000000000, 0.0000000000, 0.0000000000, 0.0000000000, 0.0000000000, 0.0000000000, 0.0000000000, 0.0000000000, 0.0000000000,
         0.0000000000, 0.0000000000, 0.0000000000, 0.0000000000]],

       [[118.3499984741, 27515650.0000000000, 14752955.0000000000, 1.0000000000, 192.9091796875, -91.3969955444, -231.3784790039, 125.9246215820, 0.8097895980, 0.0000000000, -0.5867203474,
         210.7234802246, -91.3851623535, -197.8196716309, 10.6973924637, 0.1856219023, 0.0000000000, 0.9826212525, 37.9939880371, 0.4688715637, 0.0003114490, 0.8832662702, -0.1385429800,
         1376704679.0000000000, 0.0001827335, -0.9903563261, 0.0002522082, 100.0000076294, 0.0000000000, 1.0000000000, 0.8910806775, 0.4536491036, 0.7261115909, -5.4754152298, 0.0000000000,
         0.0000000000, 0.0000000000, 0.0000000000, 1.0000000000, 0.0000000000, 0.0000000000, 0.0000000000, 0.0000000000],
        [118.3499984741, 27503574.0000000000, 14752955.0000000000, 1.0000000000, 263.8662414551, -90.7268447876, -151.7521362305, 207.4852142334, -0.4615196586, 0.0000000000, -0.8871301413,
         210.7234802246, -91.3851623535, -197.8196716309, 10.6973924637, 0.1856219023, 0.0000000000, 0.9826212525, 70.3335189819, -0.7555822730, -0.0093599409, -0.6549869180, 0.9297747016,
         1376704679.0000000000, -0.0083034858, 0.3680104613, 0.0043197968, 100.0000076294, 0.0000000000, 1.0000000000, 0.0000000000, 0.0000000000, 0.0000000000, 0.0000000000, 0.0000000000,
         0.0000000000, 0.0000000000, 0.0000000000, 0.0000000000, 0.0000000000, 0.0000000000, 0.0000000000, 0.0000000000],
        [118.3499984741, 27440475.0000000000, 27515650.0000000000, 2.0000000000, 148.8913726807, -91.3969955444, -233.6726684570, 113.6765289307, 0.9158273339, 0.0000000000, -0.4015727043,
         192.9091796875, -91.3969955444, -231.3784790039, 125.9246215820, 0.8097895980, 0.0000000000, -0.5867203474, 44.0775527954, 0.9986445308, 0.0000000000, 0.0520489290, 0.8936845064,
         1656491584.0000000000, 0.0000000000, -0.4486962259, 0.0000000000, 100.0000076294, 0.0000000000, 0.0000000000, 0.0000000000, 0.0000000000, 0.0000000000, 0.0000000000, 0.0000000000,
         0.0000000000, 0.0000000000, 0.0000000000, 0.0000000000, 0.0000000000, 0.0000000000, 0.0000000000, 0.0000000000],
        [118.3499984741, 14752917.0000000000, 27515650.0000000000, 2.0000000000, 207.0557556152, -91.3938903809, -193.7091369629, 35.6003799438, 0.5821284056, 0.0000000000, 0.8130968809,
         192.9091796875, -91.3969955444, -231.3784790039, 125.9246215820, 0.8097895980, 0.0000000000, -0.5867203474, 40.2381019592, -0.3515716493, -0.0000771697, -0.9361609817, -0.9658493996,
         1376704679.0000000000, 0.0000627465, 0.2591041028, -0.0000449227, 38.3710021973, 1.0000000000, 0.0000000000, 0.9398558140, -0.3415713012, 0.6266000867, -0.0697958246, 1.0000000000,
         0.0000000000, 0.0000000000, 0.0000000000, 0.0000000000, 0.0000000000, 0.0000000000, 0.0000000000, 0.0000000000],
        [118.3499984741, 22741509.0000000000, 14752955.0000000000, 1.0000000000, 244.6867523193, -91.6054611206, -173.6792755127, 215.8316650391, -0.5854059458, 0.0000000000, -0.8107403517,
         210.7234802246, -91.3851623535, -197.8196716309, 10.6973924637, 0.1856219023, 0.0000000000, 0.9826212525, 41.6690673828, -0.8150715828, 0.0052868659, -0.5793361068, 0.9468389153,
         1242397926.0000000000, 0.0042862757, 0.3216646314, -0.0030949628, 92.6960067749, 1.0000000000, 1.0000000000, -0.8644163609, 0.5027766228, -0.4616006315, -0.1292402893, 1.0000000000,
         0.0000000000, 0.0000000000, 0.0000000000, 1.0000000000, 0.0000000000, 0.0000000000, 0.0000000000, 0.0000000000],
        [118.3499984741, 14752955.0000000000, 27515650.0000000000, 2.0000000000, 210.7234802246, -91.3851623535, -197.8196716309, 10.6973924637, 0.1856219023, 0.0000000000, 0.9826212525,
         192.9091796875, -91.3969955444, -231.3784790039, 125.9246215820, 0.8097895980, 0.0000000000, -0.5867203474, 37.9939880371, -0.4688715637, -0.0003114490, -0.8832662702, -0.9549490213,
         1242397926.0000000000, 0.0003060364, -0.2967695892, -0.0000578118, 42.8170013428, 1.0000000000, 0.0000000000, 0.9998272061, -0.0185885672, 0.6031228304, -0.5428702831, 1.0000000000,
         0.0000000000, 0.0000000000, 0.0000000000, 0.0000000000, 0.0000000000, 0.0000000000, 0.0000000000, 0.0000000000],
        [118.3499984741, 14586614.0000000000, 14752955.0000000000, 1.0000000000, 244.6867523193, -91.6054611206, -173.6792755127, 202.8999176025, -0.3891227543, 0.0000000000, -0.9211858511,
         210.7234802246, -91.3851623535, -197.8196716309, 10.6973924637, 0.1856219023, 0.0000000000, 0.9826212525, 41.6690673828, -0.8150715828, 0.0052868659, -0.5793361068, 0.8508391380,
         1242397926.0000000000, 0.0048701861, 0.5253995657, -0.0020572399, 37.7910003662, 1.0000000000, 1.0000000000, 0.9848243594, 0.1735539138, -0.0139968665, -1.0785797834, 1.0000000000,
         0.0000000000, 0.0000000000, 0.0000000000, 0.0000000000, 0.0000000000, 0.0000000000, 0.0000000000, 0.0000000000],
        [0.0000000000, 0.0000000000, 0.0000000000, 0.0000000000, 0.0000000000, 0.0000000000, 0.0000000000, 0.0000000000, 0.0000000000, 0.0000000000, 0.0000000000, 0.0000000000, 0.0000000000,
         0.0000000000, 0.0000000000, 0.0000000000, 0.0000000000, 0.0000000000, 0.0000000000, 0.0000000000, 0.0000000000, 0.0000000000, 0.0000000000, 0.0000000000, 0.0000000000, 0.0000000000,
         0.0000000000, 0.0000000000, 0.0000000000, 0.0000000000, 0.0000000000, 0.0000000000, 0.0000000000, 0.0000000000, 0.0000000000, 0.0000000000, 0.0000000000, 0.0000000000, 0.0000000000,
         0.0000000000, 0.0000000000, 0.0000000000, 0.0000000000],
        [0.0000000000, 0.0000000000, 0.0000000000, 0.0000000000, 0.0000000000, 0.0000000000, 0.0000000000, 0.0000000000, 0.0000000000, 0.0000000000, 0.0000000000, 0.0000000000, 0.0000000000,
         0.0000000000, 0.0000000000, 0.0000000000, 0.0000000000, 0.0000000000, 0.0000000000, 0.0000000000, 0.0000000000, 0.0000000000, 0.0000000000, 0.0000000000, 0.0000000000, 0.0000000000,
         0.0000000000, 0.0000000000, 0.0000000000, 0.0000000000, 0.0000000000, 0.0000000000, 0.0000000000, 0.0000000000, 0.0000000000, 0.0000000000, 0.0000000000, 0.0000000000, 0.0000000000,
         0.0000000000, 0.0000000000, 0.0000000000, 0.0000000000],
        [0.0000000000, 0.0000000000, 0.0000000000, 0.0000000000, 0.0000000000, 0.0000000000, 0.0000000000, 0.0000000000, 0.0000000000, 0.0000000000, 0.0000000000, 0.0000000000, 0.0000000000,
         0.0000000000, 0.0000000000, 0.0000000000, 0.0000000000, 0.0000000000, 0.0000000000, 0.0000000000, 0.0000000000, 0.0000000000, 0.0000000000, 0.0000000000, 0.0000000000, 0.0000000000,
         0.0000000000, 0.0000000000, 0.0000000000, 0.0000000000, 0.0000000000, 0.0000000000, 0.0000000000, 0.0000000000, 0.0000000000, 0.0000000000, 0.0000000000, 0.0000000000, 0.0000000000,
         0.0000000000, 0.0000000000, 0.0000000000, 0.0000000000]],

       [[118.4000015259, 27515650.0000000000, 14752955.0000000000, 1.0000000000, 192.8922729492, -91.3969955444, -231.7642517090, 120.4491958618, 0.8620788455, 0.0000000000, -0.5067741871,
         210.9488525391, -91.3295288086, -197.8614501953, 10.1895236969, 0.1769047976, 0.0000000000, 0.9842279553, 38.4115142822, 0.4700824618, 0.0017564195, 0.8826208115, -0.0420412980,
         1376704679.0000000000, 0.0008901081, -0.9991143942, 0.0015141722, 100.0000076294, 0.0000000000, 1.0000000000, 0.9090315700, 0.4166274071, 0.3952308297, -1.6134032011, 0.0000000000,
         0.0000000000, 0.0000000000, 0.0000000000, 1.0000000000, 0.0000000000, 0.0000000000, 0.0000000000, 0.0000000000],
        [118.4000015259, 27503574.0000000000, 14752955.0000000000, 1.0000000000, 263.8662414551, -90.7268447876, -151.7521362305, 207.4852142334, -0.4615196586, 0.0000000000, -0.8871301413,
         210.9488525391, -91.3295288086, -197.8614501953, 10.1895236969, 0.1769047976, 0.0000000000, 0.9842279553, 70.1903305054, -0.7539128065, -0.0085864253, -0.6569183469, 0.9307176471,
         1376704679.0000000000, -0.0076172766, 0.3656380475, 0.0039628041, 100.0000076294, 0.0000000000, 1.0000000000, 0.0000000000, 0.0000000000, 0.0000000000, 0.0000000000, 0.0000000000,
         0.0000000000, 0.0000000000, 0.0000000000, 0.0000000000, 0.0000000000, 0.0000000000, 0.0000000000, 0.0000000000],
        [118.4000015259, 27440475.0000000000, 27515650.0000000000, 2.0000000000, 148.8913726807, -91.3969955444, -233.6726684570, 113.6765289307, 0.9158273339, 0.0000000000, -0.4015727043,
         192.8922729492, -91.3969955444, -231.7642517090, 120.4491958618, 0.8620788455, 0.0000000000, -0.5067741871, 44.0422668457, 0.9990607500, 0.0000000000, 0.0433314815, 0.8975663781,
         1656491584.0000000000, 0.0000000000, -0.4408796728, 0.0000000000, 100.0000076294, 0.0000000000, 0.0000000000, 0.0000000000, 0.0000000000, 0.0000000000, 0.0000000000, 0.0000000000,
         0.0000000000, 0.0000000000, 0.0000000000, 0.0000000000, 0.0000000000, 0.0000000000, 0.0000000000, 0.0000000000],
        [118.4000015259, 14752917.0000000000, 27515650.0000000000, 2.0000000000, 207.1735534668, -91.3938903809, -193.8769226074, 35.5305824280, 0.5811374784, 0.0000000000, 0.8138054013,
         192.8922729492, -91.3969955444, -231.7642517090, 120.4491958618, 0.8620788455, 0.0000000000, -0.5067741871, 40.4895629883, -0.3527151048, -0.0000766905, -0.9357307553, -0.9664787054,
         1376704679.0000000000, 0.0000624111, 0.2567467690, -0.0000445677, 38.3710021973, 1.0000000000, 0.0000000000, 0.9398558140, -0.3415713012, 0.6266000867, -0.0697958246, 1.0000000000,
         0.0000000000, 0.0000000000, 0.0000000000, 0.0000000000, 0.0000000000, 0.0000000000, 0.0000000000, 0.0000000000],
        [118.4000015259, 22741509.0000000000, 14752955.0000000000, 1.0000000000, 244.6867523193, -91.6054611206, -173.6792755127, 215.7026672363, -0.5835790634, 0.0000000000, -0.8120565414,
         210.9488525391, -91.3295288086, -197.8614501953, 10.1895236969, 0.1769047976, 0.0000000000, 0.9842279553, 41.5102348328, -0.8127610087, 0.0066473321, -0.5825593472, 0.9473814368,
         1242397926.0000000000, 0.0053980094, 0.3200384676, -0.0038792437, 92.6960067749, 1.0000000000, 1.0000000000, -0.8644163609, 0.5027766228, -0.4616006315, -0.1292402893, 1.0000000000,
         0.0000000000, 0.0000000000, 0.0000000000, 1.0000000000, 0.0000000000, 0.0000000000, 0.0000000000, 0.0000000000],
        [118.4000015259, 14752955.0000000000, 27515650.0000000000, 2.0000000000, 210.9488525391, -91.3295288086, -197.8614501953, 10.1895236969, 0.1769047976, 0.0000000000, 0.9842279553,
         192.8922729492, -91.3969955444, -231.7642517090, 120.4491958618, 0.8620788455, 0.0000000000, -0.5067741871, 38.4115142822, -0.4700824618, -0.0017564195, -0.8826208115, -0.9518598914,
         1242397926.0000000000, 0.0017287172, -0.3065284491, -0.0003107190, 42.8170013428, 1.0000000000, 0.0000000000, 0.9998272061, -0.0185885672, 0.6031228304, -0.5428702831, 1.0000000000,
         0.0000000000, 0.0000000000, 0.0000000000, 0.0000000000, 0.0000000000, 0.0000000000, 0.0000000000, 0.0000000000],
        [118.4000015259, 14586614.0000000000, 14752955.0000000000, 1.0000000000, 244.6867523193, -91.6054611206, -173.6792755127, 201.8213348389, -0.3717134595, 0.0000000000, -0.9283475876,
         210.9488525391, -91.3295288086, -197.8614501953, 10.1895236969, 0.1769047976, 0.0000000000, 0.9842279553, 41.5102348328, -0.8127610087, 0.0066473321, -0.5825593472, 0.8429317474,
         1242397926.0000000000, 0.0061710346, 0.5379795432, -0.0024709029, 37.7910003662, 1.0000000000, 1.0000000000, 0.9848243594, 0.1735539138, -0.0139968665, -1.0785797834, 1.0000000000,
         0.0000000000, 0.0000000000, 0.0000000000, 0.0000000000, 0.0000000000, 0.0000000000, 0.0000000000, 0.0000000000],
        [0.0000000000, 0.0000000000, 0.0000000000, 0.0000000000, 0.0000000000, 0.0000000000, 0.0000000000, 0.0000000000, 0.0000000000, 0.0000000000, 0.0000000000, 0.0000000000, 0.0000000000,
         0.0000000000, 0.0000000000, 0.0000000000, 0.0000000000, 0.0000000000, 0.0000000000, 0.0000000000, 0.0000000000, 0.0000000000, 0.0000000000, 0.0000000000, 0.0000000000, 0.0000000000,
         0.0000000000, 0.0000000000, 0.0000000000, 0.0000000000, 0.0000000000, 0.0000000000, 0.0000000000, 0.0000000000, 0.0000000000, 0.0000000000, 0.0000000000, 0.0000000000, 0.0000000000,
         0.0000000000, 0.0000000000, 0.0000000000, 0.0000000000],
        [0.0000000000, 0.0000000000, 0.0000000000, 0.0000000000, 0.0000000000, 0.0000000000, 0.0000000000, 0.0000000000, 0.0000000000, 0.0000000000, 0.0000000000, 0.0000000000, 0.0000000000,
         0.0000000000, 0.0000000000, 0.0000000000, 0.0000000000, 0.0000000000, 0.0000000000, 0.0000000000, 0.0000000000, 0.0000000000, 0.0000000000, 0.0000000000, 0.0000000000, 0.0000000000,
         0.0000000000, 0.0000000000, 0.0000000000, 0.0000000000, 0.0000000000, 0.0000000000, 0.0000000000, 0.0000000000, 0.0000000000, 0.0000000000, 0.0000000000, 0.0000000000, 0.0000000000,
         0.0000000000, 0.0000000000, 0.0000000000, 0.0000000000],
        [0.0000000000, 0.0000000000, 0.0000000000, 0.0000000000, 0.0000000000, 0.0000000000, 0.0000000000, 0.0000000000, 0.0000000000, 0.0000000000, 0.0000000000, 0.0000000000, 0.0000000000,
         0.0000000000, 0.0000000000, 0.0000000000, 0.0000000000, 0.0000000000, 0.0000000000, 0.0000000000, 0.0000000000, 0.0000000000, 0.0000000000, 0.0000000000, 0.0000000000, 0.0000000000,
         0.0000000000, 0.0000000000, 0.0000000000, 0.0000000000, 0.0000000000, 0.0000000000, 0.0000000000, 0.0000000000, 0.0000000000, 0.0000000000, 0.0000000000, 0.0000000000, 0.0000000000,
         0.0000000000, 0.0000000000, 0.0000000000, 0.0000000000]],

       [[118.4499969482, 27515650.0000000000, 14752955.0000000000, 1.0000000000, 192.8589935303, -91.3969955444, -232.1489562988, 118.8358001709, 0.8760054708, 0.0000000000, -0.4823011160,
         211.1628723145, -91.0172424316, -197.8092041016, 9.7272529602, 0.1689582318, 0.0000000000, 0.9856232405, 38.9152259827, 0.4703526199, 0.0097584715, 0.8824245930, -0.0135628982,
         1376704679.0000000000, 0.0047065215, -0.9998603463, 0.0085484749, 100.0000076294, 0.0000000000, 1.0000000000, 0.9169934392, 0.3988665640, 0.0000000000, 0.0000000000, 0.0000000000,
         0.0000000000, 0.0000000000, 0.0000000000, 1.0000000000, 0.0000000000, 0.0000000000, 0.0000000000, 0.0000000000],
        [118.4499969482, 27503574.0000000000, 14752955.0000000000, 1.0000000000, 263.8662414551, -90.7268447876, -151.7521362305, 207.4852142334, -0.4615196586, 0.0000000000, -0.8871301413,
         211.1628723145, -91.0172424316, -197.8092041016, 9.7272529602, 0.1689582318, 0.0000000000, 0.9856232405, 69.9927368164, -0.7529833913, -0.0041489685, -0.6580263972, 0.9312716722,
         1376704679.0000000000, -0.0036806751, 0.3643021584, 0.0019148305, 100.0000076294, 0.0000000000, 1.0000000000, 0.0000000000, 0.0000000000, 0.0000000000, 0.0000000000, 0.0000000000,
         0.0000000000, 0.0000000000, 0.0000000000, 0.0000000000, 0.0000000000, 0.0000000000, 0.0000000000, 0.0000000000],
        [118.4499969482, 27440475.0000000000, 27515650.0000000000, 2.0000000000, 148.8913726807, -91.3969955444, -233.6726684570, 113.6765289307, 0.9158273339, 0.0000000000, -0.4015727043,
         192.8589935303, -91.3969955444, -232.1489562988, 118.8358001709, 0.8760054708, 0.0000000000, -0.4823011160, 43.9940147400, 0.9994000793, 0.0000000000, 0.0346345343, 0.9013696313,
         1656491584.0000000000, 0.0000000000, -0.4330510497, 0.0000000000, 100.0000076294, 0.0000000000, 0.0000000000, 0.0000000000, 0.0000000000, 0.0000000000, 0.0000000000, 0.0000000000,
         0.0000000000, 0.0000000000, 0.0000000000, 0.0000000000, 0.0000000000, 0.0000000000, 0.0000000000, 0.0000000000],
        [118.4499969482, 14752917.0000000000, 27515650.0000000000, 2.0000000000, 207.3132629395, -91.3938903809, -194.0354003906, 35.3574066162, 0.5786750913, 0.0000000000, 0.8155581951,
         192.8589935303, -91.3969955444, -232.1489562988, 118.8358001709, 0.8760054708, 0.0000000000, -0.4823011160, 40.7623481750, -0.3545985520, -0.0000761772, -0.9350186586, -0.9677594900,
         1376704679.0000000000, 0.0000621270, 0.2518762648, -0.0000440819, 38.3710021973, 1.0000000000, 0.0000000000, 0.9655509591, -0.2602141798, -0.3039595187, -0.1731742024, 0.0000000000,
         0.0000000000, 0.0000000000, 0.0000000000, 0.0000000000, 0.0000000000, 0.0000000000, 0.0000000000, 0.0000000000],
        [118.4499969482, 22741509.0000000000, 14752955.0000000000, 1.0000000000, 244.6867523193, -91.6054611206, -173.6792755127, 215.4976959229, -0.5806701183, 0.0000000000, -0.8141388893,
         211.1628723145, -91.0172424316, -197.8092041016, 9.7272529602, 0.1689582318, 0.0000000000, 0.9856232405, 41.3092002869, -0.8115354180, 0.0142394109, -0.5841296315, 0.9467970133,
         1242397926.0000000000, 0.0115928585, 0.3215159178, -0.0082684001, 92.6960067749, 1.0000000000, 1.0000000000, -0.9213644266, 0.3886998296, 0.4225369990, -0.2052122056, 1.0000000000,
         0.0000000000, 0.0000000000, 0.0000000000, 1.0000000000, 0.0000000000, 0.0000000000, 0.0000000000, 0.0000000000],
        [118.4499969482, 14752955.0000000000, 27515650.0000000000, 2.0000000000, 211.1628723145, -91.0172424316, -197.8092041016, 9.7272529602, 0.1689582318, 0.0000000000, 0.9856232405,
         192.8589935303, -91.3969955444, -232.1489562988, 118.8358001709, 0.8760054708, 0.0000000000, -0.4823011160, 38.9152259827, -0.4703526199, -0.0097584715, -0.8824245930, -0.9492081404,
         1242397926.0000000000, 0.0096181761, -0.3144975603, -0.0016487741, 42.8170013428, 1.0000000000, 0.0000000000, 0.9246119857, 0.3809103072, -0.0954441205, -0.5312687159, 1.0000000000,
         0.0000000000, 0.0000000000, 0.0000000000, 0.0000000000, 0.0000000000, 0.0000000000, 0.0000000000, 0.0000000000],
        [118.4499969482, 14586614.0000000000, 14752955.0000000000, 1.0000000000, 244.6867523193, -91.6054611206, -173.6792755127, 200.7481079102, -0.3542602658, 0.0000000000, -0.9351469278,
         211.1628723145, -91.0172424316, -197.8092041016, 9.7272529602, 0.1689582318, 0.0000000000, 0.9856232405, 41.3092002869, -0.8115354180, 0.0142394109, -0.5841296315, 0.8337417841,
         1242397926.0000000000, 0.0133159412, 0.5519709587, -0.0050444575, 37.7910003662, 1.0000000000, 1.0000000000, 0.2250162214, 0.9743549824, 0.0446869209, -1.0732321739, 1.0000000000,
         0.0000000000, 0.0000000000, 0.0000000000, 0.0000000000, 0.0000000000, 0.0000000000, 0.0000000000, 0.0000000000],
        [0.0000000000, 0.0000000000, 0.0000000000, 0.0000000000, 0.0000000000, 0.0000000000, 0.0000000000, 0.0000000000, 0.0000000000, 0.0000000000, 0.0000000000, 0.0000000000, 0.0000000000,
         0.0000000000, 0.0000000000, 0.0000000000, 0.0000000000, 0.0000000000, 0.0000000000, 0.0000000000, 0.0000000000, 0.0000000000, 0.0000000000, 0.0000000000, 0.0000000000, 0.0000000000,
         0.0000000000, 0.0000000000, 0.0000000000, 0.0000000000, 0.0000000000, 0.0000000000, 0.0000000000, 0.0000000000, 0.0000000000, 0.0000000000, 0.0000000000, 0.0000000000, 0.0000000000,
         0.0000000000, 0.0000000000, 0.0000000000, 0.0000000000],
        [0.0000000000, 0.0000000000, 0.0000000000, 0.0000000000, 0.0000000000, 0.0000000000, 0.0000000000, 0.0000000000, 0.0000000000, 0.0000000000, 0.0000000000, 0.0000000000, 0.0000000000,
         0.0000000000, 0.0000000000, 0.0000000000, 0.0000000000, 0.0000000000, 0.0000000000, 0.0000000000, 0.0000000000, 0.0000000000, 0.0000000000, 0.0000000000, 0.0000000000, 0.0000000000,
         0.0000000000, 0.0000000000, 0.0000000000, 0.0000000000, 0.0000000000, 0.0000000000, 0.0000000000, 0.0000000000, 0.0000000000, 0.0000000000, 0.0000000000, 0.0000000000, 0.0000000000,
         0.0000000000, 0.0000000000, 0.0000000000, 0.0000000000],
        [0.0000000000, 0.0000000000, 0.0000000000, 0.0000000000, 0.0000000000, 0.0000000000, 0.0000000000, 0.0000000000, 0.0000000000, 0.0000000000, 0.0000000000, 0.0000000000, 0.0000000000,
         0.0000000000, 0.0000000000, 0.0000000000, 0.0000000000, 0.0000000000, 0.0000000000, 0.0000000000, 0.0000000000, 0.0000000000, 0.0000000000, 0.0000000000, 0.0000000000, 0.0000000000,
         0.0000000000, 0.0000000000, 0.0000000000, 0.0000000000, 0.0000000000, 0.0000000000, 0.0000000000, 0.0000000000, 0.0000000000, 0.0000000000, 0.0000000000, 0.0000000000, 0.0000000000,
         0.0000000000, 0.0000000000, 0.0000000000, 0.0000000000]],

       [[118.5000000000, 27515650.0000000000, 14752955.0000000000, 1.0000000000, 192.8220367432, -91.3969955444, -232.5333557129, 118.8358001709, 0.8760054708, 0.0000000000, -0.4823011160,
         211.3903503418, -91.0172729492, -197.8092041016, 9.2649850845, 0.1610006988, 0.0000000000, 0.9869542718, 39.3788414001, 0.4715302289, 0.0096428078, 0.8817971945, -0.0122287106,
         1376704679.0000000000, 0.0046507372, -0.9998787045, 0.0084471526, 100.0000076294, 0.0000000000, 1.0000000000, 0.9233440757, 0.3839584291, 0.0000000000, 0.0000000000, 0.0000000000,
         0.0000000000, 0.0000000000, 0.0000000000, 1.0000000000, 0.0000000000, 0.0000000000, 0.0000000000, 0.0000000000],
        [118.5000000000, 27503574.0000000000, 14752955.0000000000, 1.0000000000, 263.8662414551, -90.7268447876, -151.7521362305, 207.4852142334, -0.4615196586, 0.0000000000, -0.8871301413,
         211.3903503418, -91.0172729492, -197.8092041016, 9.2649850845, 0.1610006988, 0.0000000000, 0.9869542718, 69.8216094971, -0.7515709400, -0.0041595739, -0.6596391797, 0.9320505857,
         1376704679.0000000000, -0.0036900835, 0.3623047769, 0.0019197251, 100.0000076294, 0.0000000000, 1.0000000000, 0.0000000000, 0.0000000000, 0.0000000000, 0.0000000000, 0.0000000000,
         0.0000000000, 0.0000000000, 0.0000000000, 0.0000000000, 0.0000000000, 0.0000000000, 0.0000000000, 0.0000000000],
        [118.5000000000, 27440475.0000000000, 27515650.0000000000, 2.0000000000, 148.8913726807, -91.3969955444, -233.6726684570, 113.6765289307, 0.9158273339, 0.0000000000, -0.4015727043,
         192.8220367432, -91.3969955444, -232.5333557129, 118.8358001709, 0.8760054708, 0.0000000000, -0.4823011160, 43.9454345703, 0.9996638894, 0.0000000000, 0.0259256233, 0.9051085114,
         1656491584.0000000000, 0.0000000000, -0.4251811206, 0.0000000000, 100.0000076294, 0.0000000000, 0.0000000000, 0.0000000000, 0.0000000000, 0.0000000000, 0.0000000000, 0.0000000000,
         0.0000000000, 0.0000000000, 0.0000000000, 0.0000000000, 0.0000000000, 0.0000000000, 0.0000000000, 0.0000000000],
        [118.5000000000, 14752917.0000000000, 27515650.0000000000, 2.0000000000, 207.4462585449, -91.3938903809, -194.1995544434, 35.1842308044, 0.5762073994, 0.0000000000, 0.8173035383,
         192.8220367432, -91.3969955444, -232.5333557129, 118.8358001709, 0.8760054708, 0.0000000000, -0.4823011160, 41.0286254883, -0.3564394712, -0.0000756829, -0.9343184233, -0.9690048099,
         1376704679.0000000000, 0.0000618559, 0.2470419407, -0.0000436090, 38.3710021973, 1.0000000000, 0.0000000000, 0.9655509591, -0.2602141798, -0.3039595187, -0.1731742024, 0.0000000000,
         0.0000000000, 0.0000000000, 0.0000000000, 0.0000000000, 0.0000000000, 0.0000000000, 0.0000000000, 0.0000000000],
        [118.5000000000, 22741509.0000000000, 14752955.0000000000, 1.0000000000, 244.6867523193, -91.6054611206, -173.6792755127, 215.2926940918, -0.5777535439, 0.0000000000, -0.8162114620,
         211.3903503418, -91.0172729492, -197.8092041016, 9.2649850845, 0.1610006988, 0.0000000000, 0.9869542718, 41.1248092651, -0.8096427321, 0.0143025145, -0.5867487192, 0.9466850162,
         1242397926.0000000000, 0.0116738761, 0.3218435347, -0.0082633281, 92.6960067749, 1.0000000000, 1.0000000000, -0.9213644266, 0.3886998296, 0.4225369990, -0.2052122056, 1.0000000000,
         0.0000000000, 0.0000000000, 0.0000000000, 1.0000000000, 0.0000000000, 0.0000000000, 0.0000000000, 0.0000000000],
        [118.5000000000, 14752955.0000000000, 27515650.0000000000, 2.0000000000, 211.3903503418, -91.0172729492, -197.8092041016, 9.2649850845, 0.1610006988, 0.0000000000, 0.9869542718,
         192.8220367432, -91.3969955444, -232.5333557129, 118.8358001709, 0.8760054708, 0.0000000000, -0.4823011160, 39.3788414001, -0.4715302289, -0.0096428078, -0.8817971945, -0.9462102056,
         1242397926.0000000000, 0.0095170103, -0.3234088123, -0.0015524988, 42.8170013428, 1.0000000000, 0.0000000000, 0.9246119857, 0.3809103072, -0.0954441205, -0.5312687159, 1.0000000000,
         0.0000000000, 0.0000000000, 0.0000000000, 0.0000000000, 0.0000000000, 0.0000000000, 0.0000000000, 0.0000000000],
        [118.5000000000, 14586614.0000000000, 14752955.0000000000, 1.0000000000, 244.6867523193, -91.6054611206, -173.6792755127, 199.6748809814, -0.3366826475, 0.0000000000, -0.9416183233,
         211.3903503418, -91.0172729492, -197.8092041016, 9.2649850845, 0.1610006988, 0.0000000000, 0.9869542718, 41.1248092651, -0.8096427321, 0.0143025145, -0.5867487192, 0.8250859976,
         1242397926.0000000000, 0.0134675093, 0.5648263097, -0.0048154085, 37.7910003662, 1.0000000000, 1.0000000000, 0.2250162214, 0.9743549824, 0.0446869209, -1.0732321739, 1.0000000000,
         0.0000000000, 0.0000000000, 0.0000000000, 0.0000000000, 0.0000000000, 0.0000000000, 0.0000000000, 0.0000000000],
        [0.0000000000, 0.0000000000, 0.0000000000, 0.0000000000, 0.0000000000, 0.0000000000, 0.0000000000, 0.0000000000, 0.0000000000, 0.0000000000, 0.0000000000, 0.0000000000, 0.0000000000,
         0.0000000000, 0.0000000000, 0.0000000000, 0.0000000000, 0.0000000000, 0.0000000000, 0.0000000000, 0.0000000000, 0.0000000000, 0.0000000000, 0.0000000000, 0.0000000000, 0.0000000000,
         0.0000000000, 0.0000000000, 0.0000000000, 0.0000000000, 0.0000000000, 0.0000000000, 0.0000000000, 0.0000000000, 0.0000000000, 0.0000000000, 0.0000000000, 0.0000000000, 0.0000000000,
         0.0000000000, 0.0000000000, 0.0000000000, 0.0000000000],
        [0.0000000000, 0.0000000000, 0.0000000000, 0.0000000000, 0.0000000000, 0.0000000000, 0.0000000000, 0.0000000000, 0.0000000000, 0.0000000000, 0.0000000000, 0.0000000000, 0.0000000000,
         0.0000000000, 0.0000000000, 0.0000000000, 0.0000000000, 0.0000000000, 0.0000000000, 0.0000000000, 0.0000000000, 0.0000000000, 0.0000000000, 0.0000000000, 0.0000000000, 0.0000000000,
         0.0000000000, 0.0000000000, 0.0000000000, 0.0000000000, 0.0000000000, 0.0000000000, 0.0000000000, 0.0000000000, 0.0000000000, 0.0000000000, 0.0000000000, 0.0000000000, 0.0000000000,
         0.0000000000, 0.0000000000, 0.0000000000, 0.0000000000],
        [0.0000000000, 0.0000000000, 0.0000000000, 0.0000000000, 0.0000000000, 0.0000000000, 0.0000000000, 0.0000000000, 0.0000000000, 0.0000000000, 0.0000000000, 0.0000000000, 0.0000000000,
         0.0000000000, 0.0000000000, 0.0000000000, 0.0000000000, 0.0000000000, 0.0000000000, 0.0000000000, 0.0000000000, 0.0000000000, 0.0000000000, 0.0000000000, 0.0000000000, 0.0000000000,
         0.0000000000, 0.0000000000, 0.0000000000, 0.0000000000, 0.0000000000, 0.0000000000, 0.0000000000, 0.0000000000, 0.0000000000, 0.0000000000, 0.0000000000, 0.0000000000, 0.0000000000,
         0.0000000000, 0.0000000000, 0.0000000000, 0.0000000000]],

       [[118.5500030518, 27515650.0000000000, 14752955.0000000000, 1.0000000000, 192.7777862549, -91.3969955444, -232.9169464111, 118.8358001709, 0.8760054708, 0.0000000000, -0.4823011160,
         211.6126403809, -91.0172729492, -197.8092041016, 8.7687168121, 0.1524462402, 0.0000000000, 0.9883117676, 39.8428115845, 0.4727290273, 0.0095305173, 0.8811562657, -0.0108694360,
         1376704679.0000000000, 0.0045965789, -0.9998954535, 0.0083487853, 100.0000076294, 0.0000000000, 1.0000000000, 0.9261236787, 0.3772178590, 0.0000000000, 0.0000000000, 0.0000000000,
         0.0000000000, 0.0000000000, 0.0000000000, 1.0000000000, 0.0000000000, 0.0000000000, 0.0000000000, 0.0000000000],
        [118.5500030518, 27503574.0000000000, 14752955.0000000000, 1.0000000000, 263.8662414551, -90.7268447876, -151.7521362305, 207.4852142334, -0.4615196586, 0.0000000000, -0.8871301413,
         211.6126403809, -91.0172729492, -197.8092041016, 8.7687168121, 0.1524462402, 0.0000000000, 0.9883117676, 69.6546936035, -0.7501806021, -0.0041695419, -0.6612198949, 0.9328112006,
         1376704679.0000000000, -0.0036989262, 0.3603418469, 0.0019243256, 100.0000076294, 0.0000000000, 1.0000000000, 0.0000000000, 0.0000000000, 0.0000000000, 0.0000000000, 0.0000000000,
         0.0000000000, 0.0000000000, 0.0000000000, 0.0000000000, 0.0000000000, 0.0000000000, 0.0000000000, 0.0000000000],
        [118.5500030518, 27440475.0000000000, 27515650.0000000000, 2.0000000000, 148.8913726807, -91.3969955444, -233.6726684570, 113.6765289307, 0.9158273339, 0.0000000000, -0.4015727043,
         192.7777862549, -91.3969955444, -232.9169464111, 118.8358001709, 0.8760054708, 0.0000000000, -0.4823011160, 43.8929214478, 0.9998517036, 0.0000000000, 0.0172174014, 0.9087774754,
         1656491584.0000000000, 0.0000000000, -0.4172813296, 0.0000000000, 100.0000076294, 0.0000000000, 0.0000000000, 0.0000000000, 0.0000000000, 0.0000000000, 0.0000000000, 0.0000000000,
         0.0000000000, 0.0000000000, 0.0000000000, 0.0000000000, 0.0000000000, 0.0000000000, 0.0000000000, 0.0000000000],
        [118.5500030518, 14752917.0000000000, 27515650.0000000000, 2.0000000000, 207.5828857422, -91.3938903809, -194.3607177734, 35.0110511780, 0.5737344623, 0.0000000000, 0.8190413713,
         192.7777862549, -91.3969955444, -232.9169464111, 118.8358001709, 0.8760054708, 0.0000000000, -0.4823011160, 41.3010139465, -0.3584681749, -0.0000751837, -0.9335419536, -0.9702750444,
         1376704679.0000000000, 0.0000615786, 0.2420049310, -0.0000431355, 38.3710021973, 1.0000000000, 0.0000000000, 0.9655509591, -0.2602141798, -0.3039595187, -0.1731742024, 0.0000000000,
         0.0000000000, 0.0000000000, 0.0000000000, 0.0000000000, 0.0000000000, 0.0000000000, 0.0000000000, 0.0000000000],
        [118.5500030518, 22741509.0000000000, 14752955.0000000000, 1.0000000000, 244.6867523193, -91.6054611206, -173.6792755127, 215.0876922607, -0.5748293996, 0.0000000000, -0.8182733059,
         211.6126403809, -91.0172729492, -197.8092041016, 8.7687168121, 0.1524462402, 0.0000000000, 0.9883117676, 40.9450416565, -0.8077684045, 0.0143653089, -0.5893248320, 0.9465578198,
         1242397926.0000000000, 0.0117547484, 0.3222140968, -0.0082576023, 92.6960067749, 1.0000000000, 1.0000000000, -0.9213644266, 0.3886998296, 0.4225369990, -0.2052122056, 1.0000000000,
         0.0000000000, 0.0000000000, 0.0000000000, 1.0000000000, 0.0000000000, 0.0000000000, 0.0000000000, 0.0000000000],
        [118.5500030518, 14752955.0000000000, 27515650.0000000000, 2.0000000000, 211.6126403809, -91.0172729492, -197.8092041016, 8.7687168121, 0.1524462402, 0.0000000000, 0.9883117676,
         192.7777862549, -91.3969955444, -232.9169464111, 118.8358001709, 0.8760054708, 0.0000000000, -0.4823011160, 39.8428115845, -0.4727290273, -0.0095305173, -0.8811562657, -0.9429228902,
         1242397926.0000000000, 0.0094191227, -0.3328747153, -0.0014528915, 42.8170013428, 1.0000000000, 0.0000000000, 0.9246119857, 0.3809103072, -0.0954441205, -0.5312687159, 1.0000000000,
         0.0000000000, 0.0000000000, 0.0000000000, 0.0000000000, 0.0000000000, 0.0000000000, 0.0000000000, 0.0000000000],
        [118.5500030518, 14586614.0000000000, 14752955.0000000000, 1.0000000000, 244.6867523193, -91.6054611206, -173.6792755127, 198.6596527100, -0.3199458122, 0.0000000000, -0.9474358559,
         211.6126403809, -91.0172729492, -197.8092041016, 8.7687168121, 0.1524462402, 0.0000000000, 0.9883117676, 40.9450416565, -0.8077684045, 0.0143653089, -0.5893248320, 0.8167895675,
         1242397926.0000000000, 0.0136102084, 0.5767567158, -0.0045961202, 37.7910003662, 1.0000000000, 1.0000000000, 0.2250162214, 0.9743549824, 0.0446869209, -1.0732321739, 1.0000000000,
         0.0000000000, 0.0000000000, 0.0000000000, 0.0000000000, 0.0000000000, 0.0000000000, 0.0000000000, 0.0000000000],
        [0.0000000000, 0.0000000000, 0.0000000000, 0.0000000000, 0.0000000000, 0.0000000000, 0.0000000000, 0.0000000000, 0.0000000000, 0.0000000000, 0.0000000000, 0.0000000000, 0.0000000000,
         0.0000000000, 0.0000000000, 0.0000000000, 0.0000000000, 0.0000000000, 0.0000000000, 0.0000000000, 0.0000000000, 0.0000000000, 0.0000000000, 0.0000000000, 0.0000000000, 0.0000000000,
         0.0000000000, 0.0000000000, 0.0000000000, 0.0000000000, 0.0000000000, 0.0000000000, 0.0000000000, 0.0000000000, 0.0000000000, 0.0000000000, 0.0000000000, 0.0000000000, 0.0000000000,
         0.0000000000, 0.0000000000, 0.0000000000, 0.0000000000],
        [0.0000000000, 0.0000000000, 0.0000000000, 0.0000000000, 0.0000000000, 0.0000000000, 0.0000000000, 0.0000000000, 0.0000000000, 0.0000000000, 0.0000000000, 0.0000000000, 0.0000000000,
         0.0000000000, 0.0000000000, 0.0000000000, 0.0000000000, 0.0000000000, 0.0000000000, 0.0000000000, 0.0000000000, 0.0000000000, 0.0000000000, 0.0000000000, 0.0000000000, 0.0000000000,
         0.0000000000, 0.0000000000, 0.0000000000, 0.0000000000, 0.0000000000, 0.0000000000, 0.0000000000, 0.0000000000, 0.0000000000, 0.0000000000, 0.0000000000, 0.0000000000, 0.0000000000,
         0.0000000000, 0.0000000000, 0.0000000000, 0.0000000000],
        [0.0000000000, 0.0000000000, 0.0000000000, 0.0000000000, 0.0000000000, 0.0000000000, 0.0000000000, 0.0000000000, 0.0000000000, 0.0000000000, 0.0000000000, 0.0000000000, 0.0000000000,
         0.0000000000, 0.0000000000, 0.0000000000, 0.0000000000, 0.0000000000, 0.0000000000, 0.0000000000, 0.0000000000, 0.0000000000, 0.0000000000, 0.0000000000, 0.0000000000, 0.0000000000,
         0.0000000000, 0.0000000000, 0.0000000000, 0.0000000000, 0.0000000000, 0.0000000000, 0.0000000000, 0.0000000000, 0.0000000000, 0.0000000000, 0.0000000000, 0.0000000000, 0.0000000000,
         0.0000000000, 0.0000000000, 0.0000000000, 0.0000000000]],

       [[118.5999984741, 27515650.0000000000, 14752955.0000000000, 1.0000000000, 192.7326507568, -91.3969955444, -233.3004760742, 118.8358001709, 0.8760054708, 0.0000000000, -0.4823011160,
         211.6126403809, -91.0172729492, -197.8092041016, 8.2825775146, 0.1440553069, 0.0000000000, 0.9895696640, 40.2023468018, 0.4696240723, 0.0094452845, 0.8828158975, -0.0143898362,
         1376704679.0000000000, 0.0045554712, -0.9998517632, 0.0082741212, 100.0000076294, 0.0000000000, 1.0000000000, 0.9277642369, 0.3731659949, 0.0000000000, 0.0000000000, 0.0000000000,
         0.0000000000, 0.0000000000, 0.0000000000, 1.0000000000, 0.0000000000, 0.0000000000, 0.0000000000, 0.0000000000],
        [118.5999984741, 27503574.0000000000, 14752955.0000000000, 1.0000000000, 263.8662414551, -90.7268447876, -151.7521362305, 207.4852142334, -0.4615196586, 0.0000000000, -0.8871301413,
         211.6126403809, -91.0172729492, -197.8092041016, 8.2825775146, 0.1440553069, 0.0000000000, 0.9895696640, 69.6546936035, -0.7501806021, -0.0041695419, -0.6612198949, 0.9328112006,
         1376704679.0000000000, -0.0036989262, 0.3603418469, 0.0019243256, 100.0000076294, 0.0000000000, 1.0000000000, 0.0000000000, 0.0000000000, 0.0000000000, 0.0000000000, 0.0000000000,
         0.0000000000, 0.0000000000, 0.0000000000, 0.0000000000, 0.0000000000, 0.0000000000, 0.0000000000, 0.0000000000],
        [118.5999984741, 27440475.0000000000, 27515650.0000000000, 2.0000000000, 148.8913726807, -91.3969955444, -233.6726684570, 113.6765289307, 0.9158273339, 0.0000000000, -0.4015727043,
         192.7326507568, -91.3969955444, -233.3004760742, 118.8358001709, 0.8760054708, 0.0000000000, -0.4823011160, 43.8428573608, 0.9999639988, 0.0000000000, 0.0084892362, 0.9123853445,
         1656491584.0000000000, 0.0000000000, -0.4093329310, 0.0000000000, 100.0000076294, 0.0000000000, 0.0000000000, 0.0000000000, 0.0000000000, 0.0000000000, 0.0000000000, 0.0000000000,
         0.0000000000, 0.0000000000, 0.0000000000, 0.0000000000, 0.0000000000, 0.0000000000, 0.0000000000, 0.0000000000],
        [118.5999984741, 14752917.0000000000, 27515650.0000000000, 2.0000000000, 207.7358703613, -91.3938903809, -194.5131530762, 34.8942909241, 0.5720641613, 0.0000000000, 0.8202089071,
         192.7326507568, -91.3969955444, -233.3004760742, 118.8358001709, 0.8760054708, 0.0000000000, -0.4823011160, 41.5878944397, -0.3607592881, -0.0000746651, -0.9326589704, -0.9713526368,
         1376704679.0000000000, 0.0000612410, 0.2376427948, -0.0000427132, 38.3710021973, 1.0000000000, 0.0000000000, 0.9802240133, -0.1978914291, -0.9752131701, -0.1167651787, 1.0000000000,
         0.0000000000, 0.0000000000, 0.0000000000, 0.0000000000, 0.0000000000, 0.0000000000, 0.0000000000, 0.0000000000],
        [118.5999984741, 22741509.0000000000, 14752955.0000000000, 1.0000000000, 244.6867523193, -91.6054611206, -173.6792755127, 214.9564971924, -0.5729542971, 0.0000000000, -0.8195874691,
         211.6126403809, -91.0172729492, -197.8092041016, 8.2825775146, 0.1440553069, 0.0000000000, 0.9895696640, 40.9450416565, -0.8077684045, 0.0143653089, -0.5893248320, 0.9458176494,
         1242397926.0000000000, 0.0117736273, 0.3243806660, -0.0082306657, 92.6960067749, 1.0000000000, 1.0000000000, -0.9638553858, 0.2664259672, 1.0422589779, -0.1314129531, 1.0000000000,
         0.0000000000, 0.0000000000, 0.0000000000, 1.0000000000, 0.0000000000, 0.0000000000, 0.0000000000, 0.0000000000],
        [118.5999984741, 14752955.0000000000, 27515650.0000000000, 2.0000000000, 211.6126403809, -91.0172729492, -197.8092041016, 8.2825775146, 0.1440553069, 0.0000000000, 0.9895696640,
         192.7326507568, -91.3969955444, -233.3004760742, 118.8358001709, 0.8760054708, 0.0000000000, -0.4823011160, 40.2023468018, -0.4696240723, -0.0094452845, -0.8828158975, -0.9412596822,
         1242397926.0000000000, 0.0093467673, -0.3375514150, -0.0013606433, 42.8170013428, 1.0000000000, 0.0000000000, -0.1160470769, 0.9932437539, -0.6365566254, -0.5211393237, 1.0000000000,
         0.0000000000, 0.0000000000, 0.0000000000, 0.0000000000, 0.0000000000, 0.0000000000, 0.0000000000, 0.0000000000],
        [118.5999984741, 14586614.0000000000, 14752955.0000000000, 1.0000000000, 244.6867523193, -91.6054611206, -173.6792755127, 197.7044982910, -0.3041079342, 0.0000000000, -0.9526376724,
         211.6126403809, -91.0172729492, -197.8092041016, 8.2825775146, 0.1440553069, 0.0000000000, 0.9895696640, 40.9450416565, -0.8077684045, 0.0143653089, -0.5893248320, 0.8070617914,
         1242397926.0000000000, 0.0136849340, 0.5902922750, -0.0043686046, 37.7910003662, 1.0000000000, 1.0000000000, -0.3275426924, 0.9448363781, 0.1323623806, -1.0131524801, 1.0000000000,
         0.0000000000, 0.0000000000, 0.0000000000, 0.0000000000, 0.0000000000, 0.0000000000, 0.0000000000, 0.0000000000],
        [0.0000000000, 0.0000000000, 0.0000000000, 0.0000000000, 0.0000000000, 0.0000000000, 0.0000000000, 0.0000000000, 0.0000000000, 0.0000000000, 0.0000000000, 0.0000000000, 0.0000000000,
         0.0000000000, 0.0000000000, 0.0000000000, 0.0000000000, 0.0000000000, 0.0000000000, 0.0000000000, 0.0000000000, 0.0000000000, 0.0000000000, 0.0000000000, 0.0000000000, 0.0000000000,
         0.0000000000, 0.0000000000, 0.0000000000, 0.0000000000, 0.0000000000, 0.0000000000, 0.0000000000, 0.0000000000, 0.0000000000, 0.0000000000, 0.0000000000, 0.0000000000, 0.0000000000,
         0.0000000000, 0.0000000000, 0.0000000000, 0.0000000000],
        [0.0000000000, 0.0000000000, 0.0000000000, 0.0000000000, 0.0000000000, 0.0000000000, 0.0000000000, 0.0000000000, 0.0000000000, 0.0000000000, 0.0000000000, 0.0000000000, 0.0000000000,
         0.0000000000, 0.0000000000, 0.0000000000, 0.0000000000, 0.0000000000, 0.0000000000, 0.0000000000, 0.0000000000, 0.0000000000, 0.0000000000, 0.0000000000, 0.0000000000, 0.0000000000,
         0.0000000000, 0.0000000000, 0.0000000000, 0.0000000000, 0.0000000000, 0.0000000000, 0.0000000000, 0.0000000000, 0.0000000000, 0.0000000000, 0.0000000000, 0.0000000000, 0.0000000000,
         0.0000000000, 0.0000000000, 0.0000000000, 0.0000000000],
        [0.0000000000, 0.0000000000, 0.0000000000, 0.0000000000, 0.0000000000, 0.0000000000, 0.0000000000, 0.0000000000, 0.0000000000, 0.0000000000, 0.0000000000, 0.0000000000, 0.0000000000,
         0.0000000000, 0.0000000000, 0.0000000000, 0.0000000000, 0.0000000000, 0.0000000000, 0.0000000000, 0.0000000000, 0.0000000000, 0.0000000000, 0.0000000000, 0.0000000000, 0.0000000000,
         0.0000000000, 0.0000000000, 0.0000000000, 0.0000000000, 0.0000000000, 0.0000000000, 0.0000000000, 0.0000000000, 0.0000000000, 0.0000000000, 0.0000000000, 0.0000000000, 0.0000000000,
         0.0000000000, 0.0000000000, 0.0000000000, 0.0000000000]],

       [[118.6500015259, 27515650.0000000000, 14752955.0000000000, 1.0000000000, 192.6855010986, -91.3969955444, -233.6837615967, 118.8358001709, 0.8760054708, 0.0000000000, -0.4823011160,
         211.8700256348, -91.0172729492, -197.8092041016, 7.8134374619, 0.1359479427, 0.0000000000, 0.9907159805, 40.6838302612, 0.4715515971, 0.0093335016, 0.8817890882, -0.0122060822,
         1376704679.0000000000, 0.0045015584, -0.9998819232, 0.0081761982, 100.0000076294, 0.0000000000, 1.0000000000, 0.9302877784, 0.3668214977, 0.0000000000, 0.0000000000, 0.0000000000,
         0.0000000000, 0.0000000000, 0.0000000000, 1.0000000000, 0.0000000000, 0.0000000000, 0.0000000000, 0.0000000000],
        [118.6500015259, 27503574.0000000000, 14752955.0000000000, 1.0000000000, 263.8662414551, -90.7268447876, -151.7521362305, 207.4852142334, -0.4615196586, 0.0000000000, -0.8871301413,
         211.8700256348, -91.0172729492, -197.8092041016, 7.8134374619, 0.1359479427, 0.0000000000, 0.9907159805, 69.4618225098, -0.7485581636, -0.0041811191, -0.6630558372, 0.9336911440,
         1376704679.0000000000, -0.0037091968, 0.3580552042, 0.0019296687, 100.0000076294, 0.0000000000, 1.0000000000, 0.0000000000, 0.0000000000, 0.0000000000, 0.0000000000, 0.0000000000,
         0.0000000000, 0.0000000000, 0.0000000000, 0.0000000000, 0.0000000000, 0.0000000000, 0.0000000000, 0.0000000000],
        [118.6500015259, 27440475.0000000000, 27515650.0000000000, 2.0000000000, 148.8913726807, -91.3969955444, -233.6726684570, 113.6765289307, 0.9158273339, 0.0000000000, -0.4015727043,
         192.6855010986, -91.3969955444, -233.6837615967, 118.8358001709, 0.8760054708, 0.0000000000, -0.4823011160, 43.7941284180, 1.0000000000, 0.0000000000, -0.0002533020, 0.9159290791,
         1656491584.0000000000, 0.0000000000, -0.4013407230, 0.0000000000, 100.0000076294, 0.0000000000, 0.0000000000, 0.0000000000, 0.0000000000, 0.0000000000, 0.0000000000, 0.0000000000,
         0.0000000000, 0.0000000000, 0.0000000000, 0.0000000000, 0.0000000000, 0.0000000000, 0.0000000000, 0.0000000000],
        [118.6500015259, 14752917.0000000000, 27515650.0000000000, 2.0000000000, 207.8836975098, -91.3938903809, -194.6705932617, 34.8205261230, 0.5710076690, 0.0000000000, 0.8209447265,
         192.6855010986, -91.3969955444, -233.6837615967, 118.8358001709, 0.8760054708, 0.0000000000, -0.4823011160, 41.8689918518, -0.3629940748, -0.0000741638, -0.9317914248, -0.9722216725,
         1376704679.0000000000, 0.0000608844, 0.2340619713, -0.0000423481, 38.3710021973, 1.0000000000, 0.0000000000, 0.9802240133, -0.1978914291, -0.9752131701, -0.1167651787, 1.0000000000,
         0.0000000000, 0.0000000000, 0.0000000000, 0.0000000000, 0.0000000000, 0.0000000000, 0.0000000000, 0.0000000000],
        [118.6500015259, 22741509.0000000000, 14752955.0000000000, 1.0000000000, 244.6867523193, -91.6054611206, -173.6792755127, 214.8254852295, -0.5710788369, 0.0000000000, -0.8208953142,
         211.8700256348, -91.0172729492, -197.8092041016, 7.8134374619, 0.1359479427, 0.0000000000, 0.9907159805, 40.7374153137, -0.8055672050, 0.0144385248, -0.5923284292, 0.9462820292,
         1242397926.0000000000, 0.0118525177, 0.3230201006, -0.0082455361, 92.6960067749, 1.0000000000, 1.0000000000, -0.9638553858, 0.2664259672, 1.0422589779, -0.1314129531, 1.0000000000,
         0.0000000000, 0.0000000000, 0.0000000000, 1.0000000000, 0.0000000000, 0.0000000000, 0.0000000000, 0.0000000000],
        [118.6500015259, 14752955.0000000000, 27515650.0000000000, 2.0000000000, 211.8700256348, -91.0172729492, -197.8092041016, 7.8134374619, 0.1359479427, 0.0000000000, 0.9907159805,
         192.6855010986, -91.3969955444, -233.6837615967, 118.8358001709, 0.8760054708, 0.0000000000, -0.4823011160, 40.6838302612, -0.4715515971, -0.0093335016, -0.8817890882, -0.9377090335,
         1242397926.0000000000, 0.0092468495, -0.3472962976, -0.0012688703, 42.8170013428, 1.0000000000, 0.0000000000, -0.1160470769, 0.9932437539, -0.6365566254, -0.5211393237, 1.0000000000,
         0.0000000000, 0.0000000000, 0.0000000000, 0.0000000000, 0.0000000000, 0.0000000000, 0.0000000000, 0.0000000000],
        [118.6500015259, 14586614.0000000000, 14752955.0000000000, 1.0000000000, 244.6867523193, -91.6054611206, -173.6792755127, 196.7263488770, -0.2878010273, 0.0000000000, -0.9576903582,
         211.8700256348, -91.0172729492, -197.8092041016, 7.8134374619, 0.1359479427, 0.0000000000, 0.9907159805, 40.7374153137, -0.8055672050, 0.0144385248, -0.5923284292, 0.7991102934,
         1242397926.0000000000, 0.0138276359, 0.6010112166, -0.0041554221, 37.7910003662, 1.0000000000, 1.0000000000, -0.3275426924, 0.9448363781, 0.1323623806, -1.0131524801, 1.0000000000,
         0.0000000000, 0.0000000000, 0.0000000000, 0.0000000000, 0.0000000000, 0.0000000000, 0.0000000000, 0.0000000000],
        [0.0000000000, 0.0000000000, 0.0000000000, 0.0000000000, 0.0000000000, 0.0000000000, 0.0000000000, 0.0000000000, 0.0000000000, 0.0000000000, 0.0000000000, 0.0000000000, 0.0000000000,
         0.0000000000, 0.0000000000, 0.0000000000, 0.0000000000, 0.0000000000, 0.0000000000, 0.0000000000, 0.0000000000, 0.0000000000, 0.0000000000, 0.0000000000, 0.0000000000, 0.0000000000,
         0.0000000000, 0.0000000000, 0.0000000000, 0.0000000000, 0.0000000000, 0.0000000000, 0.0000000000, 0.0000000000, 0.0000000000, 0.0000000000, 0.0000000000, 0.0000000000, 0.0000000000,
         0.0000000000, 0.0000000000, 0.0000000000, 0.0000000000],
        [0.0000000000, 0.0000000000, 0.0000000000, 0.0000000000, 0.0000000000, 0.0000000000, 0.0000000000, 0.0000000000, 0.0000000000, 0.0000000000, 0.0000000000, 0.0000000000, 0.0000000000,
         0.0000000000, 0.0000000000, 0.0000000000, 0.0000000000, 0.0000000000, 0.0000000000, 0.0000000000, 0.0000000000, 0.0000000000, 0.0000000000, 0.0000000000, 0.0000000000, 0.0000000000,
         0.0000000000, 0.0000000000, 0.0000000000, 0.0000000000, 0.0000000000, 0.0000000000, 0.0000000000, 0.0000000000, 0.0000000000, 0.0000000000, 0.0000000000, 0.0000000000, 0.0000000000,
         0.0000000000, 0.0000000000, 0.0000000000, 0.0000000000],
        [0.0000000000, 0.0000000000, 0.0000000000, 0.0000000000, 0.0000000000, 0.0000000000, 0.0000000000, 0.0000000000, 0.0000000000, 0.0000000000, 0.0000000000, 0.0000000000, 0.0000000000,
         0.0000000000, 0.0000000000, 0.0000000000, 0.0000000000, 0.0000000000, 0.0000000000, 0.0000000000, 0.0000000000, 0.0000000000, 0.0000000000, 0.0000000000, 0.0000000000, 0.0000000000,
         0.0000000000, 0.0000000000, 0.0000000000, 0.0000000000, 0.0000000000, 0.0000000000, 0.0000000000, 0.0000000000, 0.0000000000, 0.0000000000, 0.0000000000, 0.0000000000, 0.0000000000,
         0.0000000000, 0.0000000000, 0.0000000000, 0.0000000000]],

       [[118.6999969482, 27515650.0000000000, 14752955.0000000000, 1.0000000000, 192.6354675293, -91.3969955444, -234.0666503906, 118.8358001709, 0.8760054708, 0.0000000000, -0.4823011160,
         212.1274108887, -91.0172424316, -197.8092041016, 7.3442993164, 0.1278314739, 0.0000000000, 0.9917958975, 41.1665229797, 0.4734901488, 0.0092248041, 0.8807507753, -0.0100071216,
         1376704679.0000000000, 0.0044491333, -0.9999073148, 0.0080809789, 100.0000076294, 0.0000000000, 1.0000000000, 0.9469194412, 0.3210251927, 0.0280381236, -0.0338205136, 0.0000000000,
         0.0000000000, 0.0000000000, 0.0000000000, 1.0000000000, 0.0000000000, 0.0000000000, 0.0000000000, 0.0000000000],
        [118.6999969482, 27503574.0000000000, 14752955.0000000000, 1.0000000000, 263.8662414551, -90.7268447876, -151.7521362305, 207.4852142334, -0.4615196586, 0.0000000000, -0.8871301413,
         212.1274108887, -91.0172424316, -197.8092041016, 7.3442993164, 0.1278314739, 0.0000000000, 0.9917958975, 69.2693634033, -0.7469222546, -0.0041922955, -0.6648980975, 0.9345704317,
         1376704679.0000000000, -0.0037191117, 0.3557536900, 0.0019348267, 100.0000076294, 0.0000000000, 1.0000000000, 0.0000000000, 0.0000000000, 0.0000000000, 0.0000000000, 0.0000000000,
         0.0000000000, 0.0000000000, 0.0000000000, 0.0000000000, 0.0000000000, 0.0000000000, 0.0000000000, 0.0000000000],
        [118.6999969482, 27440475.0000000000, 27515650.0000000000, 2.0000000000, 148.8913726807, -91.3969955444, -233.6726684570, 113.6765289307, 0.9158273339, 0.0000000000, -0.4015727043,
         192.6354675293, -91.3969955444, -234.0666503906, 118.8358001709, 0.8760054708, 0.0000000000, -0.4823011160, 43.7458686829, 0.9999594688, 0.0000000000, -0.0090061519, 0.9194068313,
         1656491584.0000000000, 0.0000000000, -0.3933083415, 0.0000000000, 100.0000076294, 0.0000000000, 0.0000000000, 0.0000000000, 0.0000000000, 0.0000000000, 0.0000000000, 0.0000000000,
         0.0000000000, 0.0000000000, 0.0000000000, 0.0000000000, 0.0000000000, 0.0000000000, 0.0000000000, 0.0000000000],
        [118.6999969482, 14752917.0000000000, 27515650.0000000000, 2.0000000000, 208.0340576172, -91.3938903809, -194.8256530762, 34.7467613220, 0.5699502826, 0.0000000000, 0.8216791749,
         192.6354675293, -91.3969955444, -234.0666503906, 118.8358001709, 0.8760054708, 0.0000000000, -0.4823011160, 42.1541519165, -0.3652923703, -0.0000736621, -0.9308928251, -0.9730937481,
         1376704679.0000000000, 0.0000605266, 0.2304094881, -0.0000419837, 38.3710021973, 1.0000000000, 0.0000000000, 0.9802240133, -0.1978914291, -0.9752131701, -0.1167651787, 1.0000000000,
         0.0000000000, 0.0000000000, 0.0000000000, 0.0000000000, 0.0000000000, 0.0000000000, 0.0000000000, 0.0000000000],
        [118.6999969482, 22741509.0000000000, 14752955.0000000000, 1.0000000000, 244.6867523193, -91.6054611206, -173.6792755127, 214.6944885254, -0.5692003965, 0.0000000000, -0.8221988678,
         212.1274108887, -91.0172424316, -197.8092041016, 7.3442993164, 0.1278314739, 0.0000000000, 0.9917958975, 40.5303611755, -0.8033321500, 0.0145130381, -0.5953543782, 0.9467566609,
         1242397926.0000000000, 0.0119326031, 0.3216228485, -0.0082608266, 92.6960067749, 1.0000000000, 1.0000000000, -0.9638553858, 0.2664259672, 1.0422589779, -0.1314129531, 1.0000000000,
         0.0000000000, 0.0000000000, 0.0000000000, 1.0000000000, 0.0000000000, 0.0000000000, 0.0000000000, 0.0000000000],
        [118.6999969482, 14752955.0000000000, 22741509.0000000000, 2.0000000000, 212.1274108887, -91.0172424316, -197.8092041016, 7.3442993164, 0.1278314739, 0.0000000000, 0.9917958975,
         244.6867523193, -91.6054611206, -173.6792755127, 214.6944885254, -0.5692003965, 0.0000000000, -0.8221988678, 40.5303611755, 0.8033321500, -0.0145130381, 0.5953543782, 0.6931611896,
         1242397926.0000000000, 0.0143939713, 0.7206364870, -0.0018552231, 42.8170013428, 1.0000000000, 1.0000000000, -0.1160470769, 0.9932437539, -0.6365566254, -0.5211393237, 1.0000000000,
         0.0000000000, 0.0000000000, 0.0000000000, 0.0000000000, 0.0000000000, 0.0000000000, 0.0000000000, 0.0000000000],
        [118.6999969482, 14586614.0000000000, 14752955.0000000000, 1.0000000000, 244.6867523193, -91.6054611206, -173.6792755127, 195.7481994629, -0.2714101672, 0.0000000000, -0.9624637365,
         212.1274108887, -91.0172424316, -197.8092041016, 7.3442993164, 0.1278314739, 0.0000000000, 0.9917958975, 40.5303611755, -0.8033321500, 0.0145130381, -0.5953543782, 0.7910395265,
         1242397926.0000000000, 0.0139682731, 0.6115928292, -0.0039389860, 37.7910003662, 1.0000000000, 1.0000000000, -0.3275426924, 0.9448363781, 0.1323623806, -1.0131524801, 1.0000000000,
         0.0000000000, 0.0000000000, 0.0000000000, 0.0000000000, 0.0000000000, 0.0000000000, 0.0000000000, 0.0000000000],
        [0.0000000000, 0.0000000000, 0.0000000000, 0.0000000000, 0.0000000000, 0.0000000000, 0.0000000000, 0.0000000000, 0.0000000000, 0.0000000000, 0.0000000000, 0.0000000000, 0.0000000000,
         0.0000000000, 0.0000000000, 0.0000000000, 0.0000000000, 0.0000000000, 0.0000000000, 0.0000000000, 0.0000000000, 0.0000000000, 0.0000000000, 0.0000000000, 0.0000000000, 0.0000000000,
         0.0000000000, 0.0000000000, 0.0000000000, 0.0000000000, 0.0000000000, 0.0000000000, 0.0000000000, 0.0000000000, 0.0000000000, 0.0000000000, 0.0000000000, 0.0000000000, 0.0000000000,
         0.0000000000, 0.0000000000, 0.0000000000, 0.0000000000],
        [0.0000000000, 0.0000000000, 0.0000000000, 0.0000000000, 0.0000000000, 0.0000000000, 0.0000000000, 0.0000000000, 0.0000000000, 0.0000000000, 0.0000000000, 0.0000000000, 0.0000000000,
         0.0000000000, 0.0000000000, 0.0000000000, 0.0000000000, 0.0000000000, 0.0000000000, 0.0000000000, 0.0000000000, 0.0000000000, 0.0000000000, 0.0000000000, 0.0000000000, 0.0000000000,
         0.0000000000, 0.0000000000, 0.0000000000, 0.0000000000, 0.0000000000, 0.0000000000, 0.0000000000, 0.0000000000, 0.0000000000, 0.0000000000, 0.0000000000, 0.0000000000, 0.0000000000,
         0.0000000000, 0.0000000000, 0.0000000000, 0.0000000000],
        [0.0000000000, 0.0000000000, 0.0000000000, 0.0000000000, 0.0000000000, 0.0000000000, 0.0000000000, 0.0000000000, 0.0000000000, 0.0000000000, 0.0000000000, 0.0000000000, 0.0000000000,
         0.0000000000, 0.0000000000, 0.0000000000, 0.0000000000, 0.0000000000, 0.0000000000, 0.0000000000, 0.0000000000, 0.0000000000, 0.0000000000, 0.0000000000, 0.0000000000, 0.0000000000,
         0.0000000000, 0.0000000000, 0.0000000000, 0.0000000000, 0.0000000000, 0.0000000000, 0.0000000000, 0.0000000000, 0.0000000000, 0.0000000000, 0.0000000000, 0.0000000000, 0.0000000000,
         0.0000000000, 0.0000000000, 0.0000000000, 0.0000000000]],

       [[118.7500000000, 27515650.0000000000, 14752955.0000000000, 1.0000000000, 192.5604553223, -91.3969955444, -234.4454650879, 118.8019790649, 0.8762900829, 0.0000000000, -0.4817838669,
         211.8827209473, -91.0172729492, -197.8092041016, 6.9794487953, 0.1215133369, 0.0000000000, 0.9925897717, 41.4211273193, 0.4664833248, 0.0091673648, 0.8844824433, -0.0173546597,
         1376704679.0000000000, 0.0044166883, -0.9998073578, 0.0080332709, 100.0000076294, 0.0000000000, 1.0000000000, 0.9679881930, 0.2501898408, 0.0080930591, -0.2639050782, 0.0000000000,
         0.0000000000, 0.0000000000, 0.0000000000, 0.0000000000, 0.0000000000, 0.0000000000, 0.0000000000, 0.0000000000],
        [118.7500000000, 27503574.0000000000, 14752955.0000000000, 1.0000000000, 263.8662414551, -90.7268447876, -151.7521362305, 207.4852142334, -0.4615196586, 0.0000000000, -0.8871301413,
         211.8827209473, -91.0172729492, -197.8092041016, 6.9794487953, 0.1215133369, 0.0000000000, 0.9925897717, 69.4523162842, -0.7484778762, -0.0041816914, -0.6631466150, 0.9337345958,
         1376704679.0000000000, -0.0037097046, 0.3579420745, 0.0019299329, 100.0000076294, 0.0000000000, 1.0000000000, 0.0000000000, 0.0000000000, 0.0000000000, 0.0000000000, 0.0000000000,
         0.0000000000, 0.0000000000, 0.0000000000, 0.0000000000, 0.0000000000, 0.0000000000, 0.0000000000, 0.0000000000],
        [118.7500000000, 27440475.0000000000, 27515650.0000000000, 2.0000000000, 148.8913726807, -91.3969955444, -233.6726684570, 113.6765289307, 0.9158273339, 0.0000000000, -0.4015727043,
         192.5604553223, -91.3969955444, -234.4454650879, 118.8019790649, 0.8762900829, 0.0000000000, -0.4817838669, 43.6759185791, 0.9998434782, 0.0000000000, -0.0176938847, 0.9227893949,
         1656491584.0000000000, 0.0000000000, -0.3853053153, 0.0000000000, 100.0000076294, 0.0000000000, 0.0000000000, 0.0013149788, 0.9999973774, 0.0000000000, 0.0000000000, 0.0000000000,
         0.0000000000, 0.0000000000, 0.0000000000, 0.0000000000, 0.0000000000, 0.0000000000, 0.0000000000, 0.0000000000],
        [118.7500000000, 14752917.0000000000, 22741509.0000000000, 2.0000000000, 208.1965026855, -91.3938903809, -194.9734191895, 34.7736129761, 0.5703353286, 0.0000000000, 0.8214119673,
         244.6867523193, -91.6054611206, -173.6792755127, 214.6789703369, -0.5689777136, 0.0000000000, -0.8223528862, 42.2495384216, 0.8636839986, -0.0050076460, 0.5040088892, 0.9065884352,
         1376704679.0000000000, 0.0041133403, 0.4219863117, -0.0028560373, 38.3710021973, 1.0000000000, 1.0000000000, 0.9888192415, -0.1491191983, -0.9507072568, -0.0161532797, 0.0000000000,
         0.0000000000, 0.0000000000, 0.0000000000, 0.0000000000, 0.0000000000, 0.0000000000, 0.0000000000, 0.0000000000],
        [118.7500000000, 22741509.0000000000, 14752955.0000000000, 1.0000000000, 244.6867523193, -91.6054611206, -173.6792755127, 214.6789703369, -0.5689777136, 0.0000000000, -0.8223528862,
         211.8827209473, -91.0172729492, -197.8092041016, 6.9794487953, 0.1215133369, 0.0000000000, 0.9925897717, 40.7271881104, -0.8054578304, 0.0144421505, -0.5924771428, 0.9455128312,
         1242397926.0000000000, 0.0118765440, 0.3252642751, -0.0082172621, 92.6960067749, 1.0000000000, 1.0000000000, -0.9901422858, 0.1400651485, 1.0211294889, -0.0159425102, 1.0000000000,
         0.0000000000, 0.0000000000, 0.0000000000, 1.0000000000, 0.0000000000, 0.0000000000, 0.0000000000, 0.0000000000],
        [118.7500000000, 14752955.0000000000, 22741509.0000000000, 2.0000000000, 211.8827209473, -91.0172729492, -197.8092041016, 6.9794487953, 0.1215133369, 0.0000000000, 0.9925897717,
         244.6867523193, -91.6054611206, -173.6792755127, 214.6789703369, -0.5689777136, 0.0000000000, -0.8223528862, 40.7271881104, 0.8054578304, -0.0144421505, 0.5924771428, 0.6859606504,
         1242397926.0000000000, 0.0143351313, 0.7274953127, -0.0017549139, 42.8170013428, 1.0000000000, 1.0000000000, -0.4206349254, 0.9072299600, -0.6692494750, -0.4338501096, 1.0000000000,
         0.0000000000, 0.0000000000, 0.0000000000, 0.0000000000, 0.0000000000, 0.0000000000, 0.0000000000, 0.0000000000],
        [118.7500000000, 14586614.0000000000, 14752955.0000000000, 1.0000000000, 244.6867523193, -91.6054611206, -173.6792755127, 194.9853515625, -0.2585720718, 0.0000000000, -0.9659920931,
         211.8827209473, -91.0172729492, -197.8092041016, 6.9794487953, 0.1215133369, 0.0000000000, 0.9925897717, 40.7271881104, -0.8054578304, 0.0144421505, -0.5924771428, 0.7805971503,
         1242397926.0000000000, 0.0139510036, 0.6248678565, -0.0037343367, 37.7910003662, 1.0000000000, 1.0000000000, -0.4904899895, 0.8714467883, 0.1761972457, -0.8318431973, 1.0000000000,
         0.0000000000, 0.0000000000, 0.0000000000, 0.0000000000, 0.0000000000, 0.0000000000, 0.0000000000, 0.0000000000],
        [0.0000000000, 0.0000000000, 0.0000000000, 0.0000000000, 0.0000000000, 0.0000000000, 0.0000000000, 0.0000000000, 0.0000000000, 0.0000000000, 0.0000000000, 0.0000000000, 0.0000000000,
         0.0000000000, 0.0000000000, 0.0000000000, 0.0000000000, 0.0000000000, 0.0000000000, 0.0000000000, 0.0000000000, 0.0000000000, 0.0000000000, 0.0000000000, 0.0000000000, 0.0000000000,
         0.0000000000, 0.0000000000, 0.0000000000, 0.0000000000, 0.0000000000, 0.0000000000, 0.0000000000, 0.0000000000, 0.0000000000, 0.0000000000, 0.0000000000, 0.0000000000, 0.0000000000,
         0.0000000000, 0.0000000000, 0.0000000000, 0.0000000000],
        [0.0000000000, 0.0000000000, 0.0000000000, 0.0000000000, 0.0000000000, 0.0000000000, 0.0000000000, 0.0000000000, 0.0000000000, 0.0000000000, 0.0000000000, 0.0000000000, 0.0000000000,
         0.0000000000, 0.0000000000, 0.0000000000, 0.0000000000, 0.0000000000, 0.0000000000, 0.0000000000, 0.0000000000, 0.0000000000, 0.0000000000, 0.0000000000, 0.0000000000, 0.0000000000,
         0.0000000000, 0.0000000000, 0.0000000000, 0.0000000000, 0.0000000000, 0.0000000000, 0.0000000000, 0.0000000000, 0.0000000000, 0.0000000000, 0.0000000000, 0.0000000000, 0.0000000000,
         0.0000000000, 0.0000000000, 0.0000000000, 0.0000000000],
        [0.0000000000, 0.0000000000, 0.0000000000, 0.0000000000, 0.0000000000, 0.0000000000, 0.0000000000, 0.0000000000, 0.0000000000, 0.0000000000, 0.0000000000, 0.0000000000, 0.0000000000,
         0.0000000000, 0.0000000000, 0.0000000000, 0.0000000000, 0.0000000000, 0.0000000000, 0.0000000000, 0.0000000000, 0.0000000000, 0.0000000000, 0.0000000000, 0.0000000000, 0.0000000000,
         0.0000000000, 0.0000000000, 0.0000000000, 0.0000000000, 0.0000000000, 0.0000000000, 0.0000000000, 0.0000000000, 0.0000000000, 0.0000000000, 0.0000000000, 0.0000000000, 0.0000000000,
         0.0000000000, 0.0000000000, 0.0000000000, 0.0000000000]],

       [[118.8000030518, 27515650.0000000000, 14752955.0000000000, 1.0000000000, 192.4734191895, -91.3969955444, -234.7563476562, 118.5380401611, 0.8785000443, 0.0000000000, -0.4777423143,
         211.6380920410, -91.0172729492, -197.8092041016, 6.6145992279, 0.1151902676, 0.0000000000, 0.9933434725, 41.6235542297, 0.4604285657, 0.0091227815, 0.8876498938, -0.0195813999,
         1376704679.0000000000, 0.0043583387, -0.9997667074, 0.0080143642, 100.0000076294, 0.0000000000, 1.0000000000, 0.9851080775, 0.1700719744, -0.3415881395, -1.9608057737, 0.0000000000,
         0.0000000000, 0.0000000000, 0.0000000000, 0.0000000000, 0.0000000000, 0.0000000000, 0.0000000000, 0.0000000000],
        [118.8000030518, 27503574.0000000000, 14752955.0000000000, 1.0000000000, 263.8662414551, -90.7268447876, -151.7521362305, 207.4852142334, -0.4615196586, 0.0000000000, -0.8871301413,
         211.6380920410, -91.0172729492, -197.8092041016, 6.6145992279, 0.1151902676, 0.0000000000, 0.9933434725, 69.6356048584, -0.7500207424, -0.0041706846, -0.6614011526, 0.9328982234,
         1376704679.0000000000, -0.0036999399, 0.3601163626, 0.0019248530, 100.0000076294, 0.0000000000, 1.0000000000, 0.0000000000, 0.0000000000, 0.0000000000, 0.0000000000, 0.0000000000,
         0.0000000000, 0.0000000000, 0.0000000000, 0.0000000000, 0.0000000000, 0.0000000000, 0.0000000000, 0.0000000000],
        [118.8000030518, 27440475.0000000000, 27515650.0000000000, 2.0000000000, 149.2053070068, -91.3969955444, -233.8108367920, 113.6765289307, 0.9158273339, 0.0000000000, -0.4015727043,
         192.4734191895, -91.3969955444, -234.7563476562, 118.5380401611, 0.8785000443, 0.0000000000, -0.4777423143, 43.2784423828, 0.9997612834, 0.0000000000, -0.0218471549, 0.9243819118,
         1656491584.0000000000, 0.0000000000, -0.3814686239, 0.0000000000, 100.0000076294, 0.0000000000, 0.0000000000, 0.0000000000, 0.0000000000, 0.0000000000, 0.0000000000, 0.0000000000,
         0.0000000000, 0.0000000000, 0.0000000000, 0.0000000000, 0.0000000000, 0.0000000000, 0.0000000000, 0.0000000000],
        [118.8000030518, 14752917.0000000000, 22741509.0000000000, 2.0000000000, 208.3548889160, -91.3938903809, -195.1255187988, 34.8006057739, 0.5707223415, 0.0000000000, 0.8211430907,
         244.6867523193, -91.6054611206, -173.6792755127, 214.6629638672, -0.5687479377, 0.0000000000, -0.8225120306, 42.1899337769, 0.8611500263, -0.0050147208, 0.5083260536, 0.9088860154,
         1376704679.0000000000, 0.0041178032, 0.4170143604, -0.0028620132, 38.3710021973, 1.0000000000, 1.0000000000, 0.9888192415, -0.1491191983, -0.9507072568, -0.0161532797, 0.0000000000,
         0.0000000000, 0.0000000000, 0.0000000000, 0.0000000000, 0.0000000000, 0.0000000000, 0.0000000000, 0.0000000000],
        [118.8000030518, 22741509.0000000000, 14752955.0000000000, 1.0000000000, 244.6867523193, -91.6054611206, -173.6792755127, 214.6629638672, -0.5687479377, 0.0000000000, -0.8225120306,
         211.6380920410, -91.0172729492, -197.8092041016, 6.6145992279, 0.1151902676, 0.0000000000, 0.9933434725, 40.9244842529, -0.8075522780, 0.0143725248, -0.5896208286, 0.9442639351,
         1242397926.0000000000, 0.0118215745, 0.3288758397, -0.0081743440, 92.6960067749, 1.0000000000, 1.0000000000, -0.9901422858, 0.1400651485, 1.0211294889, -0.0159425102, 1.0000000000,
         0.0000000000, 0.0000000000, 0.0000000000, 1.0000000000, 0.0000000000, 0.0000000000, 0.0000000000, 0.0000000000],
        [118.8000030518, 14752955.0000000000, 22741509.0000000000, 2.0000000000, 211.6380920410, -91.0172729492, -197.8092041016, 6.6145992279, 0.1151902676, 0.0000000000, 0.9933434725,
         244.6867523193, -91.6054611206, -173.6792755127, 214.6629638672, -0.5687479377, 0.0000000000, -0.8225120306, 40.9244842529, 0.8075522780, -0.0143725248, 0.5896208286, 0.6787181497,
         1242397926.0000000000, 0.0142768538, 0.7342581749, -0.0016555750, 42.8170013428, 1.0000000000, 1.0000000000, -0.4206349254, 0.9072299600, -0.6692494750, -0.4338501096, 1.0000000000,
         0.0000000000, 0.0000000000, 0.0000000000, 0.0000000000, 0.0000000000, 0.0000000000, 0.0000000000, 0.0000000000],
        [118.8000030518, 14586614.0000000000, 14752955.0000000000, 1.0000000000, 244.6867523193, -91.6054611206, -173.6792755127, 194.2225036621, -0.2456882745, 0.0000000000, -0.9693490267,
         211.6380920410, -91.0172729492, -197.8092041016, 6.6145992279, 0.1151902676, 0.0000000000, 0.9933434725, 40.9244842529, -0.8075522780, 0.0143725248, -0.5896208286, 0.7699545026,
         1242397926.0000000000, 0.0139319934, 0.6379370689, -0.0035311608, 37.7910003662, 1.0000000000, 1.0000000000, -0.4904899895, 0.8714467883, 0.1761972457, -0.8318431973, 1.0000000000,
         0.0000000000, 0.0000000000, 0.0000000000, 0.0000000000, 0.0000000000, 0.0000000000, 0.0000000000, 0.0000000000],
        [0.0000000000, 0.0000000000, 0.0000000000, 0.0000000000, 0.0000000000, 0.0000000000, 0.0000000000, 0.0000000000, 0.0000000000, 0.0000000000, 0.0000000000, 0.0000000000, 0.0000000000,
         0.0000000000, 0.0000000000, 0.0000000000, 0.0000000000, 0.0000000000, 0.0000000000, 0.0000000000, 0.0000000000, 0.0000000000, 0.0000000000, 0.0000000000, 0.0000000000, 0.0000000000,
         0.0000000000, 0.0000000000, 0.0000000000, 0.0000000000, 0.0000000000, 0.0000000000, 0.0000000000, 0.0000000000, 0.0000000000, 0.0000000000, 0.0000000000, 0.0000000000, 0.0000000000,
         0.0000000000, 0.0000000000, 0.0000000000, 0.0000000000],
        [0.0000000000, 0.0000000000, 0.0000000000, 0.0000000000, 0.0000000000, 0.0000000000, 0.0000000000, 0.0000000000, 0.0000000000, 0.0000000000, 0.0000000000, 0.0000000000, 0.0000000000,
         0.0000000000, 0.0000000000, 0.0000000000, 0.0000000000, 0.0000000000, 0.0000000000, 0.0000000000, 0.0000000000, 0.0000000000, 0.0000000000, 0.0000000000, 0.0000000000, 0.0000000000,
         0.0000000000, 0.0000000000, 0.0000000000, 0.0000000000, 0.0000000000, 0.0000000000, 0.0000000000, 0.0000000000, 0.0000000000, 0.0000000000, 0.0000000000, 0.0000000000, 0.0000000000,
         0.0000000000, 0.0000000000, 0.0000000000, 0.0000000000],
        [0.0000000000, 0.0000000000, 0.0000000000, 0.0000000000, 0.0000000000, 0.0000000000, 0.0000000000, 0.0000000000, 0.0000000000, 0.0000000000, 0.0000000000, 0.0000000000, 0.0000000000,
         0.0000000000, 0.0000000000, 0.0000000000, 0.0000000000, 0.0000000000, 0.0000000000, 0.0000000000, 0.0000000000, 0.0000000000, 0.0000000000, 0.0000000000, 0.0000000000, 0.0000000000,
         0.0000000000, 0.0000000000, 0.0000000000, 0.0000000000, 0.0000000000, 0.0000000000, 0.0000000000, 0.0000000000, 0.0000000000, 0.0000000000, 0.0000000000, 0.0000000000, 0.0000000000,
         0.0000000000, 0.0000000000, 0.0000000000, 0.0000000000]]])
new_data = 
array([[[1.0000000000, -4.9725708008, -15.2799224854, 163.0761871338, 0.6717878580, 0.7405862212, -0.0044186125, -0.0214596409, 0.0000000000, 6.0000000000, 0.0000000000, 0.0000000000, 0.0000000000],
        [1.0000000000, 64.9662414551, 60.2478637695, 207.4852142334, 0.0000000000, 0.0000000000, 0.0000000000, 0.0000000000, 0.0000000000, 6.0000000000, 0.0000000000, 0.0000000000, 0.0000000000],
        [2.0000000000, -50.0410369873, -21.6635131836, 113.6765289307, 0.0000000000, 0.0000000000, 0.0000000000, 0.0000000000, 0.0000000000, 6.0000000000, 0.0000000000, 0.0000000000, 0.0000000000],
        [2.0000000000, 7.3928771973, 20.1813049316, 33.8672828674, 0.4733489156, -0.8808749914, -0.7974044085, 0.2937289178, 1.0000000000, 6.0000000000, 0.0000000000, 0.0000000000, 0.0000000000],
        [1.0000000000, 45.7867523193, 38.3207244873, 214.4560546875, -0.8948810697, 0.4463045895, 0.9499382973, 0.2227868736, 1.0000000000, 6.0000000000, 0.0000000000, 0.0000000000, 0.0000000000],
        [2.0000000000, 10.1635070801, 15.6258544922, 16.7837333679, 0.9820398092, -0.1886738390, -0.5919568539, -0.6255556345, 1.0000000000, 6.0000000000, 0.0000000000, 0.0000000000, 0.0000000000],
        [1.0000000000, 45.7867523193, 38.3207244873, 215.8088531494, 0.9200479984, -0.3918056786, -0.0161991585, -1.2510601282, 1.0000000000, 6.0000000000, 0.0000000000, 0.0000000000, 0.0000000000],
        [0.0000000000, 0.0000000000, 0.0000000000, 0.0000000000, 0.0000000000, 0.0000000000, 0.0000000000, 0.0000000000, 0.0000000000, 0.0000000000, 0.0000000000, 0.0000000000, 0.0000000000],
        [0.0000000000, 0.0000000000, 0.0000000000, 0.0000000000, 0.0000000000, 0.0000000000, 0.0000000000, 0.0000000000, 0.0000000000, 0.0000000000, 0.0000000000, 0.0000000000, 0.0000000000],
        [0.0000000000, 0.0000000000, 0.0000000000, 0.0000000000, 0.0000000000, 0.0000000000, 0.0000000000, 0.0000000000, 0.0000000000, 0.0000000000, 0.0000000000, 0.0000000000, 0.0000000000]],

       [[1.0000000000, -5.1280578613, -15.6333923340, 163.0547332764, 0.7039189935, 0.7101843357, -0.1869032085, -1.3437433243, 0.0000000000, 6.0000000000, -0.1554870605, -0.3534698486,
         -0.0214538574],
        [1.0000000000, 64.9662414551, 60.2478637695, 207.4852142334, 0.0000000000, 0.0000000000, 0.0000000000, 0.0000000000, 0.0000000000, 6.0000000000, 0.0000000000, 0.0000000000, 0.0000000000],
        [2.0000000000, -49.9883026123, -21.6784057617, 113.6765289307, 0.0000000000, 0.0000000000, 0.0000000000, 0.0000000000, 0.0000000000, 6.0000000000, 0.0527343750, -0.0148925781, 0.0000000000],
        [2.0000000000, 7.4357238770, 20.0117797852, 34.1414527893, 0.6727800369, -0.7398424745, -0.2122311294, 0.2741712332, 0.0000000000, 6.0000000000, 0.0428466797, -0.1695251465, 0.2741699219],
        [1.0000000000, 45.7867523193, 38.3207244873, 214.7538604736, -0.8657563329, 0.5004658103, 0.3475866020, 0.1938171685, 1.0000000000, 6.0000000000, 0.0000000000, 0.0000000000, 0.2978057861],
        [2.0000000000, 10.3696533203, 15.6258544922, 16.2572193146, 0.9828818440, -0.1842369586, -0.1861933917, -0.5265153050, 1.0000000000, 6.0000000000, 0.2061462402, 0.0000000000, -0.5265140533],
        [1.0000000000, 45.7867523193, 38.3207244873, 214.6106872559, 0.9105095267, -0.4134881198, -0.0097733811, -1.1981726885, 1.0000000000, 6.0000000000, 0.0000000000, 0.0000000000,
         -1.1981658936],
        [0.0000000000, 0.0000000000, 0.0000000000, 0.0000000000, 0.0000000000, 0.0000000000, 0.0000000000, 0.0000000000, 0.0000000000, 0.0000000000, 0.0000000000, 0.0000000000, 0.0000000000],
        [0.0000000000, 0.0000000000, 0.0000000000, 0.0000000000, 0.0000000000, 0.0000000000, 0.0000000000, 0.0000000000, 0.0000000000, 0.0000000000, 0.0000000000, 0.0000000000, 0.0000000000],
        [0.0000000000, 0.0000000000, 0.0000000000, 0.0000000000, 0.0000000000, 0.0000000000, 0.0000000000, 0.0000000000, 0.0000000000, 0.0000000000, 0.0000000000, 0.0000000000, 0.0000000000]],

       [[1.0000000000, -5.3070739746, -15.9755554199, 161.7109832764, 0.7301346660, 0.6832886934, -0.3667157590, -8.5171089172, 0.0000000000, 6.0000000000, -0.1790161133, -0.3421630859,
         -1.3437500000],
        [1.0000000000, 64.9662414551, 60.2478637695, 207.4852142334, 0.0000000000, 0.0000000000, 0.0000000000, 0.0000000000, 0.0000000000, 6.0000000000, 0.0000000000, 0.0000000000, 0.0000000000],
        [2.0000000000, -50.0278533936, -21.6672363281, 113.6765289307, 0.0000000000, 0.0000000000, 0.0000000000, 0.0000000000, 0.0000000000, 6.0000000000, -0.0395507812, 0.0111694336, 0.0000000000],
        [2.0000000000, 7.4514709473, 19.8376464844, 34.4156265259, 0.6727800369, -0.7398424745, -0.2122311294, 0.2741712332, 0.0000000000, 6.0000000000, 0.0157470703, -0.1741333008, 0.2741737366],
        [1.0000000000, 45.7867523193, 38.3207244873, 215.0516815186, -0.8657563329, 0.5004658103, 0.3475866020, 0.1938171685, 1.0000000000, 6.0000000000, 0.0000000000, 0.0000000000, 0.2978210449],
        [2.0000000000, 10.6732727051, 15.3717346191, 15.7307014465, 0.9828818440, -0.1842369586, -0.1861933917, -0.5265153050, 1.0000000000, 6.0000000000, 0.3036193848, -0.2541198730,
         -0.5265178680],
        [1.0000000000, 45.7867523193, 38.3207244873, 213.4125213623, 0.9105095267, -0.4134881198, -0.0097733811, -1.1981726885, 1.0000000000, 6.0000000000, 0.0000000000, 0.0000000000,
         -1.1981658936],
        [0.0000000000, 0.0000000000, 0.0000000000, 0.0000000000, 0.0000000000, 0.0000000000, 0.0000000000, 0.0000000000, 0.0000000000, 0.0000000000, 0.0000000000, 0.0000000000, 0.0000000000],
        [0.0000000000, 0.0000000000, 0.0000000000, 0.0000000000, 0.0000000000, 0.0000000000, 0.0000000000, 0.0000000000, 0.0000000000, 0.0000000000, 0.0000000000, 0.0000000000, 0.0000000000],
        [0.0000000000, 0.0000000000, 0.0000000000, 0.0000000000, 0.0000000000, 0.0000000000, 0.0000000000, 0.0000000000, 0.0000000000, 0.0000000000, 0.0000000000, 0.0000000000, 0.0000000000]],

       [[1.0000000000, -5.4192565918, -16.3450622559, 153.1938781738, 0.7430530787, 0.6692166328, -0.1557409316, -9.0750179291, 0.0000000000, 6.0000000000, -0.1121826172, -0.3695068359,
         -8.5171051025],
        [1.0000000000, 64.9662414551, 60.2478637695, 207.4852142334, 0.0000000000, 0.0000000000, 0.0000000000, 0.0000000000, 0.0000000000, 6.0000000000, 0.0000000000, 0.0000000000, 0.0000000000],
        [2.0000000000, -49.9981903076, -21.6756134033, 113.6765289307, 0.0000000000, 0.0000000000, 0.0000000000, 0.0000000000, 0.0000000000, 6.0000000000, 0.0296630859, -0.0083770752, 0.0000000000],
        [2.0000000000, 7.4777160645, 19.6647949219, 34.6897888184, 0.6727800369, -0.7398424745, -0.2122311294, 0.2741712332, 0.0000000000, 6.0000000000, 0.0262451172, -0.1728515625, 0.2741622925],
        [1.0000000000, 45.7867523193, 38.3207244873, 215.2454986572, -0.8657563329, 0.5004658103, 0.3475866020, 0.1938171685, 1.0000000000, 6.0000000000, 0.0000000000, 0.0000000000, 0.1938171387],
        [2.0000000000, 10.8180480957, 15.2269592285, 15.2041893005, 0.9828818440, -0.1842369586, -0.1861933917, -0.5265153050, 1.0000000000, 6.0000000000, 0.1447753906, -0.1447753906,
         -0.5265121460],
        [1.0000000000, 45.7867523193, 38.3207244873, 212.2143554688, 0.9105095267, -0.4134881198, -0.0097733811, -1.1981726885, 1.0000000000, 6.0000000000, 0.0000000000, 0.0000000000,
         -1.1981658936],
        [0.0000000000, 0.0000000000, 0.0000000000, 0.0000000000, 0.0000000000, 0.0000000000, 0.0000000000, 0.0000000000, 0.0000000000, 0.0000000000, 0.0000000000, 0.0000000000, 0.0000000000],
        [0.0000000000, 0.0000000000, 0.0000000000, 0.0000000000, 0.0000000000, 0.0000000000, 0.0000000000, 0.0000000000, 0.0000000000, 0.0000000000, 0.0000000000, 0.0000000000, 0.0000000000],
        [0.0000000000, 0.0000000000, 0.0000000000, 0.0000000000, 0.0000000000, 0.0000000000, 0.0000000000, 0.0000000000, 0.0000000000, 0.0000000000, 0.0000000000, 0.0000000000, 0.0000000000]],

       [[1.0000000000, -5.4867767334, -16.7252807617, 144.1188659668, 0.7990940809, 0.5991370678, 0.3732895255, -5.2219915390, 0.0000000000, 6.0000000000, -0.0675201416, -0.3802185059,
         -9.0750122070],
        [1.0000000000, 64.9662414551, 60.2478637695, 207.4852142334, 0.0000000000, 0.0000000000, 0.0000000000, 0.0000000000, 0.0000000000, 6.0000000000, 0.0000000000, 0.0000000000, 0.0000000000],
        [2.0000000000, -50.0204376221, -21.6693267822, 113.6765289307, 0.0000000000, 0.0000000000, 0.0000000000, 0.0000000000, 0.0000000000, 6.0000000000, -0.0222473145, 0.0062866211, 0.0000000000],
        [2.0000000000, 7.5457092285, 19.4947509766, 34.9030799866, 0.7982396483, -0.6023399234, 0.6768864393, 0.2132858932, 1.0000000000, 6.0000000000, 0.0679931641, -0.1700439453, 0.2132911682],
        [1.0000000000, 45.7867523193, 38.3207244873, 215.3792724609, -0.8353174925, 0.5497678518, -0.5228812099, 0.1337745488, 1.0000000000, 6.0000000000, 0.0000000000, 0.0000000000, 0.1337738037],
        [2.0000000000, 10.9529357910, 15.0725402832, 14.6465196609, 0.9794961214, -0.2014629543, 0.4856771529, -0.5576678514, 1.0000000000, 6.0000000000, 0.1348876953, -0.1544189453, -0.5576696396],
        [1.0000000000, 45.7867523193, 38.3207244873, 211.0247039795, 0.8978628516, -0.4402752221, -0.0067705116, -1.1896560192, 1.0000000000, 6.0000000000, 0.0000000000, 0.0000000000,
         -1.1896514893],
        [0.0000000000, 0.0000000000, 0.0000000000, 0.0000000000, 0.0000000000, 0.0000000000, 0.0000000000, 0.0000000000, 0.0000000000, 0.0000000000, 0.0000000000, 0.0000000000, 0.0000000000],
        [0.0000000000, 0.0000000000, 0.0000000000, 0.0000000000, 0.0000000000, 0.0000000000, 0.0000000000, 0.0000000000, 0.0000000000, 0.0000000000, 0.0000000000, 0.0000000000, 0.0000000000],
        [0.0000000000, 0.0000000000, 0.0000000000, 0.0000000000, 0.0000000000, 0.0000000000, 0.0000000000, 0.0000000000, 0.0000000000, 0.0000000000, 0.0000000000, 0.0000000000, 0.0000000000]],

       [[1.0000000000, -5.5728515625, -17.1017303467, 138.8968811035, 0.8445013165, 0.5354473591, 0.3463628292, -3.7669787407, 0.0000000000, 6.0000000000, -0.0860748291, -0.3764495850,
         -5.2219848633],
        [1.0000000000, 64.9662414551, 60.2478637695, 207.4852142334, 0.0000000000, 0.0000000000, 0.0000000000, 0.0000000000, 0.0000000000, 6.0000000000, 0.0000000000, 0.0000000000, 0.0000000000],
        [2.0000000000, -50.0037445068, -21.6740417480, 113.6765289307, 0.0000000000, 0.0000000000, 0.0000000000, 0.0000000000, 0.0000000000, 6.0000000000, 0.0166931152, -0.0047149658, 0.0000000000],
        [2.0000000000, 7.5966735840, 19.3188476562, 35.1163673401, 0.7982396483, -0.6023399234, 0.6768864393, 0.2132858932, 1.0000000000, 6.0000000000, 0.0509643555, -0.1759033203, 0.2132873535],
        [1.0000000000, 45.7867523193, 38.3207244873, 215.6510467529, -0.8353174925, 0.5497678518, -0.5228812099, 0.1337745488, 1.0000000000, 6.0000000000, 0.0000000000, 0.0000000000, 0.2717742920],
        [2.0000000000, 11.1478820801, 14.9801330566, 14.0888519287, 0.9794961214, -0.2014629543, 0.4856771529, -0.5576678514, 1.0000000000, 6.0000000000, 0.1949462891, -0.0924072266, -0.5576677322],
        [1.0000000000, 45.7867523193, 38.3207244873, 209.8350524902, 0.8978628516, -0.4402752221, -0.0067705116, -1.1896560192, 1.0000000000, 6.0000000000, 0.0000000000, 0.0000000000,
         -1.1896514893],
        [0.0000000000, 0.0000000000, 0.0000000000, 0.0000000000, 0.0000000000, 0.0000000000, 0.0000000000, 0.0000000000, 0.0000000000, 0.0000000000, 0.0000000000, 0.0000000000, 0.0000000000],
        [0.0000000000, 0.0000000000, 0.0000000000, 0.0000000000, 0.0000000000, 0.0000000000, 0.0000000000, 0.0000000000, 0.0000000000, 0.0000000000, 0.0000000000, 0.0000000000, 0.0000000000],
        [0.0000000000, 0.0000000000, 0.0000000000, 0.0000000000, 0.0000000000, 0.0000000000, 0.0000000000, 0.0000000000, 0.0000000000, 0.0000000000, 0.0000000000, 0.0000000000, 0.0000000000]],

       [[1.0000000000, -5.6603912354, -17.4777679443, 135.1298980713, 0.8604758382, 0.5094335079, 0.2385939956, -2.2843580246, 0.0000000000, 6.0000000000, -0.0875396729, -0.3760375977,
         -3.7669830322],
        [1.0000000000, 64.9662414551, 60.2478637695, 207.4852142334, 0.0000000000, 0.0000000000, 0.0000000000, 0.0000000000, 0.0000000000, 6.0000000000, 0.0000000000, 0.0000000000, 0.0000000000],
        [2.0000000000, -50.0162567139, -21.6705017090, 113.6765289307, 0.0000000000, 0.0000000000, 0.0000000000, 0.0000000000, 0.0000000000, 6.0000000000, -0.0125122070, 0.0035400391, 0.0000000000],
        [2.0000000000, 7.6540771484, 19.1449279785, 35.3296546936, 0.7982396483, -0.6023399234, 0.6768864393, 0.2132858932, 1.0000000000, 6.0000000000, 0.0574035645, -0.1739196777, 0.2132873535],
        [1.0000000000, 45.7867523193, 38.3207244873, 215.9228210449, -0.8353174925, 0.5497678518, -0.5228812099, 0.1337745488, 1.0000000000, 6.0000000000, 0.0000000000, 0.0000000000, 0.2717742920],
        [2.0000000000, 11.3432556152, 14.8887634277, 13.5311841965, 0.9794961214, -0.2014629543, 0.4856771529, -0.5576678514, 1.0000000000, 6.0000000000, 0.1953735352, -0.0913696289, -0.5576677322],
        [1.0000000000, 45.7867523193, 38.3207244873, 208.6454010010, 0.8978628516, -0.4402752221, -0.0067705116, -1.1896560192, 1.0000000000, 6.0000000000, 0.0000000000, 0.0000000000,
         -1.1896514893],
        [0.0000000000, 0.0000000000, 0.0000000000, 0.0000000000, 0.0000000000, 0.0000000000, 0.0000000000, 0.0000000000, 0.0000000000, 0.0000000000, 0.0000000000, 0.0000000000, 0.0000000000],
        [0.0000000000, 0.0000000000, 0.0000000000, 0.0000000000, 0.0000000000, 0.0000000000, 0.0000000000, 0.0000000000, 0.0000000000, 0.0000000000, 0.0000000000, 0.0000000000, 0.0000000000],
        [0.0000000000, 0.0000000000, 0.0000000000, 0.0000000000, 0.0000000000, 0.0000000000, 0.0000000000, 0.0000000000, 0.0000000000, 0.0000000000, 0.0000000000, 0.0000000000, 0.0000000000]],

       [[1.0000000000, -5.7407592773, -17.8554687500, 132.8455352783, 0.8685017824, 0.4956829250, 0.0810512379, -1.1397198439, 0.0000000000, 6.0000000000, -0.0803680420, -0.3777008057,
         -2.2843627930],
        [1.0000000000, 64.9662414551, 60.2478637695, 207.4852142334, 0.0000000000, 0.0000000000, 0.0000000000, 0.0000000000, 0.0000000000, 6.0000000000, 0.0000000000, 0.0000000000, 0.0000000000],
        [2.0000000000, -50.0068725586, -21.6731567383, 113.6765289307, 0.0000000000, 0.0000000000, 0.0000000000, 0.0000000000, 0.0000000000, 6.0000000000, 0.0093841553, -0.0026550293, 0.0000000000],
        [2.0000000000, 7.7500854492, 18.9757385254, 35.4664955139, 0.8818261027, -0.4715746343, 0.8588453531, 0.1368392259, 0.0000000000, 6.0000000000, 0.0960083008, -0.1691894531, 0.1368408203],
        [1.0000000000, 45.7867523193, 38.3207244873, 215.9785156250, -0.7937294841, 0.6082708836, -0.6810663342, 0.0556966178, 1.0000000000, 6.0000000000, 0.0000000000, 0.0000000000, 0.0556945801],
        [2.0000000000, 11.4182067871, 14.8089599609, 12.8981676102, 0.9859409928, -0.1670942008, 0.7024353743, -0.6330168843, 1.0000000000, 6.0000000000, 0.0749511719, -0.0798034668, -0.6330165863],
        [1.0000000000, 45.7867523193, 38.3207244873, 207.4492950439, 0.9548178315, -0.2971918285, -0.0078397440, -1.1961100101, 1.0000000000, 6.0000000000, 0.0000000000, 0.0000000000,
         -1.1961059570],
        [0.0000000000, 0.0000000000, 0.0000000000, 0.0000000000, 0.0000000000, 0.0000000000, 0.0000000000, 0.0000000000, 0.0000000000, 0.0000000000, 0.0000000000, 0.0000000000, 0.0000000000],
        [0.0000000000, 0.0000000000, 0.0000000000, 0.0000000000, 0.0000000000, 0.0000000000, 0.0000000000, 0.0000000000, 0.0000000000, 0.0000000000, 0.0000000000, 0.0000000000, 0.0000000000],
        [0.0000000000, 0.0000000000, 0.0000000000, 0.0000000000, 0.0000000000, 0.0000000000, 0.0000000000, 0.0000000000, 0.0000000000, 0.0000000000, 0.0000000000, 0.0000000000, 0.0000000000]],

       [[1.0000000000, -5.8209442139, -18.2332153320, 131.7058105469, 0.8704020977, 0.4923377931, 0.0375494659, -1.3602497578, 0.0000000000, 6.0000000000, -0.0801849365, -0.3777465820,
         -1.1397247314],
        [1.0000000000, 64.9662414551, 60.2478637695, 207.4852142334, 0.0000000000, 0.0000000000, 0.0000000000, 0.0000000000, 0.0000000000, 6.0000000000, 0.0000000000, 0.0000000000, 0.0000000000],
        [2.0000000000, -50.0139068604, -21.6711730957, 113.6765289307, 0.0000000000, 0.0000000000, 0.0000000000, 0.0000000000, 0.0000000000, 6.0000000000, -0.0070343018, 0.0019836426, 0.0000000000],
        [2.0000000000, 7.8318115234, 18.7991943359, 35.6033363342, 0.8818261027, -0.4715746343, 0.8588453531, 0.1368392259, 0.0000000000, 6.0000000000, 0.0817260742, -0.1765441895, 0.1368408203],
        [1.0000000000, 45.7867523193, 38.3207244873, 216.0342102051, -0.7937294841, 0.6082708836, -0.6810663342, 0.0556966178, 1.0000000000, 6.0000000000, 0.0000000000, 0.0000000000, 0.0556945801],
        [2.0000000000, 11.4182067871, 14.5906982422, 12.2651510239, 0.9859409928, -0.1670942008, 0.7024353743, -0.6330168843, 1.0000000000, 6.0000000000, 0.0000000000, -0.2182617188, -0.6330165863],
        [1.0000000000, 45.7867523193, 38.3207244873, 206.2531890869, 0.9548178315, -0.2971918285, -0.0078397440, -1.1961100101, 1.0000000000, 6.0000000000, 0.0000000000, 0.0000000000,
         -1.1961059570],
        [0.0000000000, 0.0000000000, 0.0000000000, 0.0000000000, 0.0000000000, 0.0000000000, 0.0000000000, 0.0000000000, 0.0000000000, 0.0000000000, 0.0000000000, 0.0000000000, 0.0000000000],
        [0.0000000000, 0.0000000000, 0.0000000000, 0.0000000000, 0.0000000000, 0.0000000000, 0.0000000000, 0.0000000000, 0.0000000000, 0.0000000000, 0.0000000000, 0.0000000000, 0.0000000000],
        [0.0000000000, 0.0000000000, 0.0000000000, 0.0000000000, 0.0000000000, 0.0000000000, 0.0000000000, 0.0000000000, 0.0000000000, 0.0000000000, 0.0000000000, 0.0000000000, 0.0000000000]],

       [[1.0000000000, -5.8904174805, -18.6130828857, 130.3455657959, 0.8716888428, 0.4900591969, -0.0292070284, -1.4236297607, 0.0000000000, 6.0000000000, -0.0694732666, -0.3798675537,
         -1.3602447510],
        [1.0000000000, 64.9662414551, 60.2478637695, 207.4852142334, 0.0000000000, 0.0000000000, 0.0000000000, 0.0000000000, 0.0000000000, 6.0000000000, 0.0000000000, 0.0000000000, 0.0000000000],
        [2.0000000000, -50.0086273193, -21.6726684570, 113.6765289307, 0.0000000000, 0.0000000000, 0.0000000000, 0.0000000000, 0.0000000000, 6.0000000000, 0.0052795410, -0.0014953613, 0.0000000000],
        [2.0000000000, 7.9191223145, 18.6253356934, 35.7401733398, 0.8818261027, -0.4715746343, 0.8588453531, 0.1368392259, 0.0000000000, 6.0000000000, 0.0873107910, -0.1738586426, 0.1368370056],
        [1.0000000000, 45.7867523193, 38.3207244873, 216.0899047852, -0.7937294841, 0.6082708836, -0.6810663342, 0.0556966178, 1.0000000000, 6.0000000000, 0.0000000000, 0.0000000000, 0.0556945801],
        [2.0000000000, 11.4508911133, 14.3749084473, 11.6901350021, 0.9859409928, -0.1670942008, 0.7024353743, -0.6330168843, 1.0000000000, 6.0000000000, 0.0326843262, -0.2157897949, -0.5750160217],
        [1.0000000000, 45.7867523193, 38.3207244873, 205.0570831299, 0.9548178315, -0.2971918285, -0.0078397440, -1.1961100101, 1.0000000000, 6.0000000000, 0.0000000000, 0.0000000000,
         -1.1961059570],
        [0.0000000000, 0.0000000000, 0.0000000000, 0.0000000000, 0.0000000000, 0.0000000000, 0.0000000000, 0.0000000000, 0.0000000000, 0.0000000000, 0.0000000000, 0.0000000000, 0.0000000000],
        [0.0000000000, 0.0000000000, 0.0000000000, 0.0000000000, 0.0000000000, 0.0000000000, 0.0000000000, 0.0000000000, 0.0000000000, 0.0000000000, 0.0000000000, 0.0000000000, 0.0000000000],
        [0.0000000000, 0.0000000000, 0.0000000000, 0.0000000000, 0.0000000000, 0.0000000000, 0.0000000000, 0.0000000000, 0.0000000000, 0.0000000000, 0.0000000000, 0.0000000000, 0.0000000000]],

       [[1.0000000000, -5.9524139404, -18.9942474365, 128.9219360352, 0.8732640743, 0.4872432649, 0.2859817743, -2.9973225594, 0.0000000000, 6.0000000000, -0.0619964600, -0.3811645508,
         -1.4236297607],
        [1.0000000000, 64.9662414551, 60.2478637695, 207.4852142334, 0.0000000000, 0.0000000000, 0.0000000000, 0.0000000000, 0.0000000000, 6.0000000000, 0.0000000000, 0.0000000000, 0.0000000000],
        [2.0000000000, -50.0086273193, -21.6726684570, 113.6765289307, 0.0000000000, 0.0000000000, 0.0000000000, 0.0000000000, 0.0000000000, 6.0000000000, 0.0000000000, 0.0000000000, 0.0000000000],
        [2.0000000000, 8.0436340332, 18.4624633789, 35.6703758240, 0.9398558140, -0.3415713012, 0.6266000867, -0.0697958246, 1.0000000000, 6.0000000000, 0.1245117188, -0.1628723145, -0.0697975159],
        [1.0000000000, 45.7867523193, 38.3207244873, 215.9606628418, -0.8644163609, 0.5027766228, -0.4616006315, -0.1292402893, 1.0000000000, 6.0000000000, 0.0000000000, 0.0000000000,
         -0.1292419434],
        [2.0000000000, 11.6063171387, 14.2515258789, 11.2052640915, 0.9998272061, -0.0185885672, 0.6031228304, -0.5428702831, 1.0000000000, 6.0000000000, 0.1554260254, -0.1233825684, -0.4848709106],
        [1.0000000000, 45.7867523193, 38.3207244873, 203.9785003662, 0.9848243594, 0.1735539138, -0.0139968665, -1.0785797834, 1.0000000000, 6.0000000000, 0.0000000000, 0.0000000000, -1.0785827637],
        [0.0000000000, 0.0000000000, 0.0000000000, 0.0000000000, 0.0000000000, 0.0000000000, 0.0000000000, 0.0000000000, 0.0000000000, 0.0000000000, 0.0000000000, 0.0000000000, 0.0000000000],
        [0.0000000000, 0.0000000000, 0.0000000000, 0.0000000000, 0.0000000000, 0.0000000000, 0.0000000000, 0.0000000000, 0.0000000000, 0.0000000000, 0.0000000000, 0.0000000000, 0.0000000000],
        [0.0000000000, 0.0000000000, 0.0000000000, 0.0000000000, 0.0000000000, 0.0000000000, 0.0000000000, 0.0000000000, 0.0000000000, 0.0000000000, 0.0000000000, 0.0000000000, 0.0000000000]],

       [[1.0000000000, -5.9908203125, -19.3784790039, 125.9246215820, 0.8910806775, 0.4536491036, 0.7261115909, -5.4754152298, 0.0000000000, 6.0000000000, -0.0384063721, -0.3842315674,
         -2.9973144531],
        [1.0000000000, 64.9662414551, 60.2478637695, 207.4852142334, 0.0000000000, 0.0000000000, 0.0000000000, 0.0000000000, 0.0000000000, 6.0000000000, 0.0000000000, 0.0000000000, 0.0000000000],
        [2.0000000000, -50.0086273193, -21.6726684570, 113.6765289307, 0.0000000000, 0.0000000000, 0.0000000000, 0.0000000000, 0.0000000000, 6.0000000000, 0.0000000000, 0.0000000000, 0.0000000000],
        [2.0000000000, 8.1557556152, 18.2908630371, 35.6003799438, 0.9398558140, -0.3415713012, 0.6266000867, -0.0697958246, 1.0000000000, 6.0000000000, 0.1121215820, -0.1716003418, -0.0699958801],
        [1.0000000000, 45.7867523193, 38.3207244873, 215.8316650391, -0.8644163609, 0.5027766228, -0.4616006315, -0.1292402893, 1.0000000000, 6.0000000000, 0.0000000000, 0.0000000000,
         -0.1289978027],
        [2.0000000000, 11.8234802246, 14.1803283691, 10.6973924637, 0.9998272061, -0.0185885672, 0.6031228304, -0.5428702831, 1.0000000000, 6.0000000000, 0.2171630859, -0.0711975098, -0.5078716278],
        [1.0000000000, 45.7867523193, 38.3207244873, 202.8999176025, 0.9848243594, 0.1735539138, -0.0139968665, -1.0785797834, 1.0000000000, 6.0000000000, 0.0000000000, 0.0000000000, -1.0785827637],
        [0.0000000000, 0.0000000000, 0.0000000000, 0.0000000000, 0.0000000000, 0.0000000000, 0.0000000000, 0.0000000000, 0.0000000000, 0.0000000000, 0.0000000000, 0.0000000000, 0.0000000000],
        [0.0000000000, 0.0000000000, 0.0000000000, 0.0000000000, 0.0000000000, 0.0000000000, 0.0000000000, 0.0000000000, 0.0000000000, 0.0000000000, 0.0000000000, 0.0000000000, 0.0000000000],
        [0.0000000000, 0.0000000000, 0.0000000000, 0.0000000000, 0.0000000000, 0.0000000000, 0.0000000000, 0.0000000000, 0.0000000000, 0.0000000000, 0.0000000000, 0.0000000000, 0.0000000000]],

       [[1.0000000000, -6.0077270508, -19.7642517090, 120.4491958618, 0.9090315700, 0.4166274071, 0.3952308297, -1.6134032011, 0.0000000000, 6.0000000000, -0.0169067383, -0.3857727051,
         -5.4754257202],
        [1.0000000000, 64.9662414551, 60.2478637695, 207.4852142334, 0.0000000000, 0.0000000000, 0.0000000000, 0.0000000000, 0.0000000000, 6.0000000000, 0.0000000000, 0.0000000000, 0.0000000000],
        [2.0000000000, -50.0086273193, -21.6726684570, 113.6765289307, 0.0000000000, 0.0000000000, 0.0000000000, 0.0000000000, 0.0000000000, 6.0000000000, 0.0000000000, 0.0000000000, 0.0000000000],
        [2.0000000000, 8.2735534668, 18.1230773926, 35.5305824280, 0.9398558140, -0.3415713012, 0.6266000867, -0.0697958246, 1.0000000000, 6.0000000000, 0.1177978516, -0.1677856445, -0.0697975159],
        [1.0000000000, 45.7867523193, 38.3207244873, 215.7026672363, -0.8644163609, 0.5027766228, -0.4616006315, -0.1292402893, 1.0000000000, 6.0000000000, 0.0000000000, 0.0000000000,
         -0.1289978027],
        [2.0000000000, 12.0488525391, 14.1385498047, 10.1895236969, 0.9998272061, -0.0185885672, 0.6031228304, -0.5428702831, 1.0000000000, 6.0000000000, 0.2253723145, -0.0417785645, -0.5078687668],
        [1.0000000000, 45.7867523193, 38.3207244873, 201.8213348389, 0.9848243594, 0.1735539138, -0.0139968665, -1.0785797834, 1.0000000000, 6.0000000000, 0.0000000000, 0.0000000000, -1.0785827637],
        [0.0000000000, 0.0000000000, 0.0000000000, 0.0000000000, 0.0000000000, 0.0000000000, 0.0000000000, 0.0000000000, 0.0000000000, 0.0000000000, 0.0000000000, 0.0000000000, 0.0000000000],
        [0.0000000000, 0.0000000000, 0.0000000000, 0.0000000000, 0.0000000000, 0.0000000000, 0.0000000000, 0.0000000000, 0.0000000000, 0.0000000000, 0.0000000000, 0.0000000000, 0.0000000000],
        [0.0000000000, 0.0000000000, 0.0000000000, 0.0000000000, 0.0000000000, 0.0000000000, 0.0000000000, 0.0000000000, 0.0000000000, 0.0000000000, 0.0000000000, 0.0000000000, 0.0000000000]],

       [[1.0000000000, -6.0410064697, -20.1489562988, 118.8358001709, 0.9169934392, 0.3988665640, 0.0000000000, 0.0000000000, 0.0000000000, 6.0000000000, -0.0332794189, -0.3847045898,
         -1.6133956909],
        [1.0000000000, 64.9662414551, 60.2478637695, 207.4852142334, 0.0000000000, 0.0000000000, 0.0000000000, 0.0000000000, 0.0000000000, 6.0000000000, 0.0000000000, 0.0000000000, 0.0000000000],
        [2.0000000000, -50.0086273193, -21.6726684570, 113.6765289307, 0.0000000000, 0.0000000000, 0.0000000000, 0.0000000000, 0.0000000000, 6.0000000000, 0.0000000000, 0.0000000000, 0.0000000000],
        [2.0000000000, 8.4132629395, 17.9645996094, 35.3574066162, 0.9655509591, -0.2602141798, -0.3039595187, -0.1731742024, 0.0000000000, 6.0000000000, 0.1397094727, -0.1584777832, -0.1731758118],
        [1.0000000000, 45.7867523193, 38.3207244873, 215.4976959229, -0.9213644266, 0.3886998296, 0.4225369990, -0.2052122056, 1.0000000000, 6.0000000000, 0.0000000000, 0.0000000000, -0.2049713135],
        [2.0000000000, 12.2628723145, 14.1907958984, 9.7272529602, 0.9246119857, 0.3809103072, -0.0954441205, -0.5312687159, 1.0000000000, 6.0000000000, 0.2140197754, 0.0522460938, -0.4622707367],
        [1.0000000000, 45.7867523193, 38.3207244873, 200.7481079102, 0.2250162214, 0.9743549824, 0.0446869209, -1.0732321739, 1.0000000000, 6.0000000000, 0.0000000000, 0.0000000000, -1.0732269287],
        [0.0000000000, 0.0000000000, 0.0000000000, 0.0000000000, 0.0000000000, 0.0000000000, 0.0000000000, 0.0000000000, 0.0000000000, 0.0000000000, 0.0000000000, 0.0000000000, 0.0000000000],
        [0.0000000000, 0.0000000000, 0.0000000000, 0.0000000000, 0.0000000000, 0.0000000000, 0.0000000000, 0.0000000000, 0.0000000000, 0.0000000000, 0.0000000000, 0.0000000000, 0.0000000000],
        [0.0000000000, 0.0000000000, 0.0000000000, 0.0000000000, 0.0000000000, 0.0000000000, 0.0000000000, 0.0000000000, 0.0000000000, 0.0000000000, 0.0000000000, 0.0000000000, 0.0000000000]],

       [[1.0000000000, -6.0779632568, -20.5333557129, 118.8358001709, 0.9233440757, 0.3839584291, 0.0000000000, 0.0000000000, 0.0000000000, 6.0000000000, -0.0369567871, -0.3843994141, 0.0000000000],
        [1.0000000000, 64.9662414551, 60.2478637695, 207.4852142334, 0.0000000000, 0.0000000000, 0.0000000000, 0.0000000000, 0.0000000000, 6.0000000000, 0.0000000000, 0.0000000000, 0.0000000000],
        [2.0000000000, -50.0086273193, -21.6726684570, 113.6765289307, 0.0000000000, 0.0000000000, 0.0000000000, 0.0000000000, 0.0000000000, 6.0000000000, 0.0000000000, 0.0000000000, 0.0000000000],
        [2.0000000000, 8.5462585449, 17.8004455566, 35.1842308044, 0.9655509591, -0.2602141798, -0.3039595187, -0.1731742024, 0.0000000000, 6.0000000000, 0.1329956055, -0.1641540527, -0.1731758118],
        [1.0000000000, 45.7867523193, 38.3207244873, 215.2926940918, -0.9213644266, 0.3886998296, 0.4225369990, -0.2052122056, 1.0000000000, 6.0000000000, 0.0000000000, 0.0000000000, -0.2050018311],
        [2.0000000000, 12.4903503418, 14.1907958984, 9.2649850845, 0.9246119857, 0.3809103072, -0.0954441205, -0.5312687159, 1.0000000000, 6.0000000000, 0.2274780273, 0.0000000000, -0.4622678757],
        [1.0000000000, 45.7867523193, 38.3207244873, 199.6748809814, 0.2250162214, 0.9743549824, 0.0446869209, -1.0732321739, 1.0000000000, 6.0000000000, 0.0000000000, 0.0000000000, -1.0732269287],
        [0.0000000000, 0.0000000000, 0.0000000000, 0.0000000000, 0.0000000000, 0.0000000000, 0.0000000000, 0.0000000000, 0.0000000000, 0.0000000000, 0.0000000000, 0.0000000000, 0.0000000000],
        [0.0000000000, 0.0000000000, 0.0000000000, 0.0000000000, 0.0000000000, 0.0000000000, 0.0000000000, 0.0000000000, 0.0000000000, 0.0000000000, 0.0000000000, 0.0000000000, 0.0000000000],
        [0.0000000000, 0.0000000000, 0.0000000000, 0.0000000000, 0.0000000000, 0.0000000000, 0.0000000000, 0.0000000000, 0.0000000000, 0.0000000000, 0.0000000000, 0.0000000000, 0.0000000000]],

       [[1.0000000000, -6.1222137451, -20.9169464111, 118.8358001709, 0.9261236787, 0.3772178590, 0.0000000000, 0.0000000000, 0.0000000000, 6.0000000000, -0.0442504883, -0.3835906982, 0.0000000000],
        [1.0000000000, 64.9662414551, 60.2478637695, 207.4852142334, 0.0000000000, 0.0000000000, 0.0000000000, 0.0000000000, 0.0000000000, 6.0000000000, 0.0000000000, 0.0000000000, 0.0000000000],
        [2.0000000000, -50.0086273193, -21.6726684570, 113.6765289307, 0.0000000000, 0.0000000000, 0.0000000000, 0.0000000000, 0.0000000000, 6.0000000000, 0.0000000000, 0.0000000000, 0.0000000000],
        [2.0000000000, 8.6828857422, 17.6392822266, 35.0110511780, 0.9655509591, -0.2602141798, -0.3039595187, -0.1731742024, 0.0000000000, 6.0000000000, 0.1366271973, -0.1611633301, -0.1731796265],
        [1.0000000000, 45.7867523193, 38.3207244873, 215.0876922607, -0.9213644266, 0.3886998296, 0.4225369990, -0.2052122056, 1.0000000000, 6.0000000000, 0.0000000000, 0.0000000000, -0.2050018311],
        [2.0000000000, 12.7126403809, 14.1907958984, 8.7687168121, 0.9246119857, 0.3809103072, -0.0954441205, -0.5312687159, 1.0000000000, 6.0000000000, 0.2222900391, 0.0000000000, -0.4962682724],
        [1.0000000000, 45.7867523193, 38.3207244873, 198.6596527100, 0.2250162214, 0.9743549824, 0.0446869209, -1.0732321739, 1.0000000000, 6.0000000000, 0.0000000000, 0.0000000000, -1.0152282715],
        [0.0000000000, 0.0000000000, 0.0000000000, 0.0000000000, 0.0000000000, 0.0000000000, 0.0000000000, 0.0000000000, 0.0000000000, 0.0000000000, 0.0000000000, 0.0000000000, 0.0000000000],
        [0.0000000000, 0.0000000000, 0.0000000000, 0.0000000000, 0.0000000000, 0.0000000000, 0.0000000000, 0.0000000000, 0.0000000000, 0.0000000000, 0.0000000000, 0.0000000000, 0.0000000000],
        [0.0000000000, 0.0000000000, 0.0000000000, 0.0000000000, 0.0000000000, 0.0000000000, 0.0000000000, 0.0000000000, 0.0000000000, 0.0000000000, 0.0000000000, 0.0000000000, 0.0000000000]],

       [[1.0000000000, -6.1673492432, -21.3004760742, 118.8358001709, 0.9277642369, 0.3731659949, 0.0000000000, 0.0000000000, 0.0000000000, 6.0000000000, -0.0451354980, -0.3835296631, 0.0000000000],
        [1.0000000000, 64.9662414551, 60.2478637695, 207.4852142334, 0.0000000000, 0.0000000000, 0.0000000000, 0.0000000000, 0.0000000000, 6.0000000000, 0.0000000000, 0.0000000000, 0.0000000000],
        [2.0000000000, -50.0086273193, -21.6726684570, 113.6765289307, 0.0000000000, 0.0000000000, 0.0000000000, 0.0000000000, 0.0000000000, 6.0000000000, 0.0000000000, 0.0000000000, 0.0000000000],
        [2.0000000000, 8.8358703613, 17.4868469238, 34.8942909241, 0.9802240133, -0.1978914291, -0.9752131701, -0.1167651787, 1.0000000000, 6.0000000000, 0.1529846191, -0.1524353027, -0.1167602539],
        [1.0000000000, 45.7867523193, 38.3207244873, 214.9564971924, -0.9638553858, 0.2664259672, 1.0422589779, -0.1314129531, 1.0000000000, 6.0000000000, 0.0000000000, 0.0000000000, -0.1311950684],
        [2.0000000000, 12.7126403809, 14.1907958984, 8.2825775146, -0.1160470769, 0.9932437539, -0.6365566254, -0.5211393237, 1.0000000000, 6.0000000000, 0.0000000000, 0.0000000000, -0.4861392975],
        [1.0000000000, 45.7867523193, 38.3207244873, 197.7044982910, -0.3275426924, 0.9448363781, 0.1323623806, -1.0131524801, 1.0000000000, 6.0000000000, 0.0000000000, 0.0000000000, -0.9551544189],
        [0.0000000000, 0.0000000000, 0.0000000000, 0.0000000000, 0.0000000000, 0.0000000000, 0.0000000000, 0.0000000000, 0.0000000000, 0.0000000000, 0.0000000000, 0.0000000000, 0.0000000000],
        [0.0000000000, 0.0000000000, 0.0000000000, 0.0000000000, 0.0000000000, 0.0000000000, 0.0000000000, 0.0000000000, 0.0000000000, 0.0000000000, 0.0000000000, 0.0000000000, 0.0000000000],
        [0.0000000000, 0.0000000000, 0.0000000000, 0.0000000000, 0.0000000000, 0.0000000000, 0.0000000000, 0.0000000000, 0.0000000000, 0.0000000000, 0.0000000000, 0.0000000000, 0.0000000000]],

       [[1.0000000000, -6.2144989014, -21.6837615967, 118.8358001709, 0.9302877784, 0.3668214977, 0.0000000000, 0.0000000000, 0.0000000000, 6.0000000000, -0.0471496582, -0.3832855225, 0.0000000000],
        [1.0000000000, 64.9662414551, 60.2478637695, 207.4852142334, 0.0000000000, 0.0000000000, 0.0000000000, 0.0000000000, 0.0000000000, 6.0000000000, 0.0000000000, 0.0000000000, 0.0000000000],
        [2.0000000000, -50.0086273193, -21.6726684570, 113.6765289307, 0.0000000000, 0.0000000000, 0.0000000000, 0.0000000000, 0.0000000000, 6.0000000000, 0.0000000000, 0.0000000000, 0.0000000000],
        [2.0000000000, 8.9836975098, 17.3294067383, 34.8205261230, 0.9802240133, -0.1978914291, -0.9752131701, -0.1167651787, 1.0000000000, 6.0000000000, 0.1478271484, -0.1574401855, -0.0737648010],
        [1.0000000000, 45.7867523193, 38.3207244873, 214.8254852295, -0.9638553858, 0.2664259672, 1.0422589779, -0.1314129531, 1.0000000000, 6.0000000000, 0.0000000000, 0.0000000000, -0.1310119629],
        [2.0000000000, 12.9700256348, 14.1907958984, 7.8134374619, -0.1160470769, 0.9932437539, -0.6365566254, -0.5211393237, 1.0000000000, 6.0000000000, 0.2573852539, 0.0000000000, -0.4691400528],
        [1.0000000000, 45.7867523193, 38.3207244873, 196.7263488770, -0.3275426924, 0.9448363781, 0.1323623806, -1.0131524801, 1.0000000000, 6.0000000000, 0.0000000000, 0.0000000000, -0.9781494141],
        [0.0000000000, 0.0000000000, 0.0000000000, 0.0000000000, 0.0000000000, 0.0000000000, 0.0000000000, 0.0000000000, 0.0000000000, 0.0000000000, 0.0000000000, 0.0000000000, 0.0000000000],
        [0.0000000000, 0.0000000000, 0.0000000000, 0.0000000000, 0.0000000000, 0.0000000000, 0.0000000000, 0.0000000000, 0.0000000000, 0.0000000000, 0.0000000000, 0.0000000000, 0.0000000000],
        [0.0000000000, 0.0000000000, 0.0000000000, 0.0000000000, 0.0000000000, 0.0000000000, 0.0000000000, 0.0000000000, 0.0000000000, 0.0000000000, 0.0000000000, 0.0000000000, 0.0000000000]],

       [[1.0000000000, -6.2645324707, -22.0666503906, 118.8358001709, 0.9469194412, 0.3210251927, 0.0280381236, -0.0338205136, 0.0000000000, 6.0000000000, -0.0500335693, -0.3828887939,
         0.0000000000],
        [1.0000000000, 64.9662414551, 60.2478637695, 207.4852142334, 0.0000000000, 0.0000000000, 0.0000000000, 0.0000000000, 0.0000000000, 6.0000000000, 0.0000000000, 0.0000000000, 0.0000000000],
        [2.0000000000, -50.0086273193, -21.6726684570, 113.6765289307, 0.0000000000, 0.0000000000, 0.0000000000, 0.0000000000, 0.0000000000, 6.0000000000, 0.0000000000, 0.0000000000, 0.0000000000],
        [2.0000000000, 9.1340576172, 17.1743469238, 34.7467613220, 0.9802240133, -0.1978914291, -0.9752131701, -0.1167651787, 1.0000000000, 6.0000000000, 0.1503601074, -0.1550598145, -0.0737648010],
        [1.0000000000, 45.7867523193, 38.3207244873, 214.6944885254, -0.9638553858, 0.2664259672, 1.0422589779, -0.1314129531, 1.0000000000, 6.0000000000, 0.0000000000, 0.0000000000, -0.1309967041],
        [2.0000000000, 13.2274108887, 14.1907958984, 7.3442993164, -0.1160470769, 0.9932437539, -0.6365566254, -0.5211393237, 1.0000000000, 6.0000000000, 0.2573852539, 0.0000000000, -0.4691381454],
        [1.0000000000, 45.7867523193, 38.3207244873, 195.7481994629, -0.3275426924, 0.9448363781, 0.1323623806, -1.0131524801, 1.0000000000, 6.0000000000, 0.0000000000, 0.0000000000, -0.9781494141],
        [0.0000000000, 0.0000000000, 0.0000000000, 0.0000000000, 0.0000000000, 0.0000000000, 0.0000000000, 0.0000000000, 0.0000000000, 0.0000000000, 0.0000000000, 0.0000000000, 0.0000000000],
        [0.0000000000, 0.0000000000, 0.0000000000, 0.0000000000, 0.0000000000, 0.0000000000, 0.0000000000, 0.0000000000, 0.0000000000, 0.0000000000, 0.0000000000, 0.0000000000, 0.0000000000],
        [0.0000000000, 0.0000000000, 0.0000000000, 0.0000000000, 0.0000000000, 0.0000000000, 0.0000000000, 0.0000000000, 0.0000000000, 0.0000000000, 0.0000000000, 0.0000000000, 0.0000000000]],

       [[1.0000000000, -6.3395446777, -22.4454650879, 118.8019790649, 0.9679881930, 0.2501898408, 0.0080930591, -0.2639050782, 0.0000000000, 6.0000000000, -0.0750122070, -0.3788146973,
         -0.0338211060],
        [1.0000000000, 64.9662414551, 60.2478637695, 207.4852142334, 0.0000000000, 0.0000000000, 0.0000000000, 0.0000000000, 0.0000000000, 6.0000000000, 0.0000000000, 0.0000000000, 0.0000000000],
        [2.0000000000, -50.0086273193, -21.6726684570, 113.6765289307, 0.0013149788, 0.9999973774, 0.0000000000, 0.0000000000, 0.0000000000, 6.0000000000, 0.0000000000, 0.0000000000, 0.0000000000],
        [2.0000000000, 9.2965026855, 17.0265808105, 34.7736129761, 0.9888192415, -0.1491191983, -0.9507072568, -0.0161532797, 0.0000000000, 6.0000000000, 0.1624450684, -0.1477661133, 0.0268516541],
        [1.0000000000, 45.7867523193, 38.3207244873, 214.6789703369, -0.9901422858, 0.1400651485, 1.0211294889, -0.0159425102, 1.0000000000, 6.0000000000, 0.0000000000, 0.0000000000, -0.0155181885],
        [2.0000000000, 12.9827209473, 14.1907958984, 6.9794487953, -0.4206349254, 0.9072299600, -0.6692494750, -0.4338501096, 1.0000000000, 6.0000000000, -0.2446899414, 0.0000000000, -0.3648505211],
        [1.0000000000, 45.7867523193, 38.3207244873, 194.9853515625, -0.4904899895, 0.8714467883, 0.1761972457, -0.8318431973, 1.0000000000, 6.0000000000, 0.0000000000, 0.0000000000, -0.7628479004],
        [0.0000000000, 0.0000000000, 0.0000000000, 0.0000000000, 0.0000000000, 0.0000000000, 0.0000000000, 0.0000000000, 0.0000000000, 0.0000000000, 0.0000000000, 0.0000000000, 0.0000000000],
        [0.0000000000, 0.0000000000, 0.0000000000, 0.0000000000, 0.0000000000, 0.0000000000, 0.0000000000, 0.0000000000, 0.0000000000, 0.0000000000, 0.0000000000, 0.0000000000, 0.0000000000],
        [0.0000000000, 0.0000000000, 0.0000000000, 0.0000000000, 0.0000000000, 0.0000000000, 0.0000000000, 0.0000000000, 0.0000000000, 0.0000000000, 0.0000000000, 0.0000000000, 0.0000000000]]])
actions =  [np.float64(-0.0870361328125), np.float64(-0.310882568359375), np.float64(-0.26393890380859375)]
